{
	"ProjectileName": {
		"AdamantiteChainsaw": "Adamantite Chainsaw",
		"AdamantiteDrill": "Adamantite Drill",
		"AdamantiteGlaive": "Adamantite Glaive",
		"Amarok": "Yoyo",
		"AmberBolt": "Amber Bolt",
		"AmethystBolt": "Amethyst Bolt",
		"Anchor": "Anchor",
		"AncientDoomProjectile": "Prophecy's End",
		"AntiGravityHook": "Anti-Gravity Hook",
		"Arkhalis": "Arkhalis",
		"AshBallFalling": "Ash Ball",
		"BabyDino": "Baby Dino",
		"BabyEater": "Baby Eater",
		"BabyFaceMonster": "Baby Face Monster",
		"BabyGrinch": "Baby Grinch",
		"BabyHornet": "Baby Hornet",
		"BabySkeletronHead": "Baby Skeletron Head",
		"BabySlime": "Baby Slime",
		"BabySnowman": "Baby Snowman",
		"BabySpider": "Baby Spider",
		"BallofFire": "Ball of Fire",
		"BallofFrost": "Ball of Frost",
		"BallOHurt": "Ball 'O Hurt",
		"Bananarang": "Bananarang",
		"Bat": "Bat",
		"BatHook": "Bat Hook",
		"BeachBall": "Beach Ball",
		"Bee": "Bee",
		"BeeArrow": "Bee Arrow",
		"BeeHive": "Bee Hive",
		"Beenade": "Beenade",
		"BlackBolt": "Onyx Blaster",
		"BlackCat": "Black Cat",
		"BlackCounterweight": "Counterweight",
		"Blizzard": "Blizzard",
		"BloodCloudMoving": "Blood Cloud",
		"BloodCloudRaining": "Blood Cloud",
		"BloodRain": "Blood Rain",
		"BloodWater": "Blood Water",
		"BloodyMachete": "Bloody Machete",
		"BlowupSmoke": "Blowup Smoke",
		"BlowupSmokeMoonlord": "Blowup Smoke",
		"BlueCounterweight": "Counterweight",
		"BlueFairy": "Blue Fairy",
		"BlueFlare": "Blue Flare",
		"BlueMoon": "Blue Moon",
		"BobberFiberglass": "Bobber",
		"BobberFisherOfSouls": "Bobber",
		"BobberFleshcatcher": "Bobber",
		"BobberGolden": "Bobber",
		"BobberHotline": "Bobber",
		"BobberMechanics": "Bobber",
		"BobberReinforced": "Bobber",
		"BobbersittingDuck": "Bobber",
		"BobberWooden": "Bobber",
		"Bomb": "Bomb",
		"BombFish": "Bomb Fish",
		"BombSkeletronPrime": "Bomb",
		"Bone": "Bone",
		"BoneArrow": "Bone Arrow",
		"BoneArrowFromMerchant": "Bone Arrow",
		"BoneDagger": "Bone Dagger",
		"BoneGloveProj": "XBone",
		"BoneJavelin": "Bone Javelin",
		"Boulder": "Boulder",
		"BoulderStaffOfEarth": "Boulder",
		"BouncyBomb": "Bouncy Bomb",
		"BouncyDynamite": "Bouncy Dynamite",
		"BouncyGlowstick": "Bouncy Glowstick",
		"BouncyGrenade": "Bouncy Grenade",
		"BoxingGlove": "Boxing Glove",
		"BrainOfConfusion": "Brain of Confusion",
		"BrainScramblerBolt": "Brain Scrambling Bolt",
		"Bubble": "Bubble",
		"Bullet": "Bullet",
		"BulletDeadeye": "Bullet",
		"BulletHighVelocity": "Bullet",
		"BulletSnowman": "Bullet",
		"Bunny": "Bunny",
		"ButchersChainsaw": "Butcher's Chainsaw",
		"CandyCaneHook": "Candy Cane Hook",
		"CandyCorn": "Candy Corn",
		"CannonballFriendly": "Cannonball",
		"CannonballHostile": "Cannonball",
		"Cascade": "Yoyo",
		"ChainGuillotine": "Chain Guillotine",
		"ChainKnife": "Chain Knife",
		"ChargedBlasterCannon": "Charged Blaster Cannon",
		"ChargedBlasterLaser": "Charged Blaster Laser",
		"ChargedBlasterOrb": "Charged Blaster Orb",
		"Chik": "Yoyo",
		"ChlorophyteArrow": "Chlorophyte Arrow",
		"ChlorophyteBullet": "Bullet",
		"ChlorophyteChainsaw": "Chlorophyte Chainsaw",
		"ChlorophyteDrill": "Chlorophyte Drill",
		"ChlorophyteJackhammer": "Chlorophyte Jackhammer",
		"ChlorophyteOrb": "Chlorophyte Orb",
		"ChlorophytePartisan": "Chlorophyte Partisan",
		"ChristmasHook": "Christmas Hook",
		"ClingerStaff": "Cursed Flames",
		"ClothiersCurse": "Skull",
		"CobaltChainsaw": "Cobalt Chainsaw",
		"CobaltDrill": "Cobalt Drill",
		"CobaltNaginata": "Cobalt Naginata",
		"Code1": "Yoyo",
		"Code2": "Yoyo",
		"CoinPortal": "Coin Portal",
		"CompanionCube": "Companion Cube",
		"ConfettiGun": "Confetti",
		"ConfettiMelee": "Confetti",
		"CopperCoin": "Copper Coin",
		"CopperCoinsFalling": "Copper Coins",
		"CorruptSpray": "Corrupt Spray",
		"CorruptYoyo": "Yoyo",
		"CrimsandBallFalling": "Crimsand Ball",
		"CrimsandBallGun": "Crimsand Ball",
		"CrimsonHeart": "Crimson Heart",
		"CrimsonSpray": "Crimson Spray",
		"CrimsonYoyo": "Yoyo",
		"CrossGraveMarker": "Tombstone",
		"CrystalBullet": "Crystal Bullet",
		"CrystalDart": "Crystal Dart",
		"CrystalLeaf": "Crystal Leaf",
		"CrystalLeafShot": "Crystal Leaf",
		"CrystalPulse": "Crystal Charge",
		"CrystalPulse2": "Crystal Charge",
		"CrystalShard": "Crystal Shard",
		"CrystalStorm": "Crystal Storm",
		"CrystalVileShardHead": "Crystal Vile Shard",
		"CrystalVileShardShaft": "Crystal Vile Shard",
		"Cthulunado": "Cthulunado",
		"CultistBossFireBall": "Fireball",
		"CultistBossFireBallClone": "Shadow Fireball",
		"CultistBossIceMist": "Ice Mist",
		"CultistBossLightningOrb": "Lightning Orb",
		"CultistBossLightningOrbArc": "Lightning Orb Arc",
		"CultistBossParticle": "Energy",
		"CultistRitual": "Lightning Ritual",
		"CursedArrow": "Cursed Arrow",
		"CursedBullet": "Cursed Bullet",
		"CursedDart": "Cursed Dart",
		"CursedDartFlame": "Cursed Flame",
		"CursedFlameFriendly": "Cursed Flame",
		"CursedFlameHostile": "Cursed Flame",
		"CursedSapling": "Cursed Sapling",
		"DangerousSpider": "Dangerous Spider",
		"DarkLance": "Dark Lance",
		"Daybreak": "Daybreak",
		"DD2FlameBurstTowerT1": "Flameburst Tower",
		"DD2FlameBurstTowerT1Shot": "Flameburst Tower",
		"DD2FlameBurstTowerT2": "Flameburst Tower",
		"DD2FlameBurstTowerT2Shot": "Flameburst Tower",
		"DD2FlameBurstTowerT3": "Flameburst Tower",
		"DD2FlameBurstTowerT3Shot": "Flameburst Tower",
		"DD2JavelinHostile": "Javelin",
		"DeadlySphere": "Deadly Sphere",
		"DeathLaser": "Death Laser",
		"DeathSickle": "Death Sickle",
		"DemonScythe": "Demon Scythe",
		"DemonSickle": "Demon Sickle",
		"DesertDjinnCurse": "Desert Spirit's Curse",
		"DiamondBolt": "Diamond Bolt",
		"DirtBall": "Dirt Ball",
		"DrillMountCrosshair": "Drill Crosshair",
		"DrManFlyFlask": "Flask",
		"DryadsWardCircle": "Dryad's ward",
		"DualHookBlue": "Hook",
		"DualHookRed": "Hook",
		"Dynamite": "Dynamite",
		"EatersBite": "Eater's Bite",
		"EbonsandBallFalling": "Ebonsand Ball",
		"EbonsandBallGun": "Ebonsand Ball",
		"EighthNote": "Note",
		"Electrosphere": "Electrosphere",
		"ElectrosphereMissile": "Electrosphere Missile",
		"EmeraldBolt": "Emerald Bolt",
		"EnchantedBeam": "Enchanted Beam",
		"EnchantedBoomerang": "Enchanted Boomerang",
		"ExplosiveBullet": "Explosive Bullet",
		"ExplosiveBunny": "Explosive Bunny",
		"Explosives": "Explosives",
		"EyeBeam": "Eye Beam",
		"EyeFire": "Eye Fire",
		"EyeLaser": "Eye Laser",
		"EyeSpring": "Eye Spring",
		"FallingStar": "Falling Star",
		"FireArrow": "Fire Arrow",
		"Fireball": "Fireball",
		"FireworkFountainBlue": "Firework Fountain",
		"FireworkFountainRainbow": "Firework Fountain",
		"FireworkFountainRed": "Firework Fountain",
		"FireworkFountainYellow": "Firework Fountain",
		"FishHook": "Fish Hook",
		"Flairon": "Flairon",
		"FlaironBubble": "Flairon Bubble",
		"Flamarang": "Flamarang",
		"Flamelash": "Flamelash",
		"Flames": "Flames",
		"FlamesTrap": "Flames",
		"FlamethrowerTrap": "Flamethrower",
		"FlamingArrow": "Flaming Arrow",
		"FlamingJack": "Flaming Jack",
		"FlamingScythe": "Flaming Scythe",
		"FlamingWood": "Flaming Wood",
		"Flare": "Flare",
		"FlowerPetal": "Flower Petal",
		"FlowerPow": "Flower Pow",
		"FlowerPowPetal": "Flower Pow",
		"FlyingImp": "Flying Imp",
		"FlyingKnife": "Flying Knife",
		"FlyingPiggyBank": "Flying Piggy Bank",
		"FormatC": "Yoyo",
		"FoulPotion": "Foul Potion",
		"FrostArrow": "Frost Arrow",
		"FrostBeam": "Frost Beam",
		"FrostBlastFriendly": "Frost Blast",
		"FrostBlastHostile": "Frost Blast",
		"FrostBoltStaff": "Frost Bolt",
		"FrostBoltSword": "Frost Bolt",
		"FrostburnArrow": "Frostburn Arrow",
		"FrostDaggerfish": "Frost Daggerfish",
		"FrostHydra": "Frost Hydra",
		"FrostShard": "Frost Shard",
		"FrostWave": "Frost Wave",
		"FruitcakeChakram": "Fruitcake Chakram",
		"GemHookAmethyst": "Gem Hook",
		"GemHookDiamond": "Gem Hook",
		"GemHookEmerald": "Gem Hook",
		"GemHookRuby": "Gem Hook",
		"GemHookSapphire": "Gem Hook",
		"GemHookTopaz": "Gem Hook",
		"GeyserTrap": "Geyser",
		"GiantBee": "Bee",
		"GigaZapperSpear": "Gigazapper Spearhead",
		"Glowstick": "Glowstick",
		"GoldCoin": "Gold Coin",
		"GoldCoinsFalling": "Gold Coins",
		"GoldenBullet": "Golden Bullet",
		"GoldenShowerFriendly": "Golden Shower",
		"GoldenShowerHostile": "Golden Shower",
		"GolemFist": "Golem Fist",
		"Gradient": "Yoyo",
		"GraveMarker": "Tombstone",
		"Gravestone": "Tombstone",
		"GreekFire1": "Greek Fire",
		"GreekFire2": "Greek Fire",
		"GreekFire3": "Greek Fire",
		"GreenCounterweight": "Counterweight",
		"GreenFairy": "Pink Fairy",
		"GreenLaser": "Green Laser",
		"Grenade": "Grenade",
		"GrenadeI": "Grenade",
		"GrenadeII": "Grenade",
		"GrenadeIII": "Grenade",
		"GrenadeIV": "Grenade",
		"Gungnir": "Gungnir",
		"HallowSpray": "Hallow Spray",
		"HallowStar": "Hallow Star",
		"Hamdrax": "Hamdrax",
		"HappyBomb": "Happy Bomb",
		"Harpoon": "Harpoon",
		"HarpyFeather": "Harpy Feather",
		"Headstone": "Tombstone",
		"HeatRay": "Heat Ray",
		"HelFire": "Yoyo",
		"HellfireArrow": "Hellfire Arrow",
		"Hellwing": "Hellwing",
		"HolyArrow": "Holy Arrow",
		"HolyWater": "Holy Water",
		"Hook": "Hook",
		"Hornet": "Hornet",
		"HornetStinger": "Hornet Stinger",
		"IceBlock": "Ice Block",
		"IceBolt": "Ice Bolt",
		"IceBoomerang": "Ice Boomerang",
		"IceSickle": "Ice Sickle",
		"IceSpike": "Ice Spike",
		"IcewaterSpit": "Icewater Spit",
		"IchorArrow": "Ichor Arrow",
		"IchorBullet": "Ichor Bullet",
		"IchorDart": "Ichor Dart",
		"IchorSplash": "Ichor Splash",
		"IlluminantHook": "Hook",
		"ImpFireball": "Imp Fireball",
		"InfernoFriendlyBlast": "Inferno",
		"InfernoFriendlyBolt": "Inferno",
		"InfernoHostileBlast": "Inferno",
		"InfernoHostileBolt": "Inferno",
		"InfluxWaver": "Influx Waver",
		"IvyWhip": "Ivy Whip",
		"JackOLantern": "Jack 'O Lantern",
		"JavelinFriendly": "Javelin",
		"JavelinHostile": "Javelin",
		"JestersArrow": "Jester's Arrow",
		"JumperSpider": "Jumper Spider",
		"JungleSpike": "Jungle Spike",
		"JungleYoyo": "Yoyo",
		"Kraken": "Yoyo",
		"Landmine": "Landmine",
		"LaserDrill": "Laser Drill",
		"LaserMachinegun": "Laser Machinegun",
		"LaserMachinegunLaser": "Laser",
		"LastPrism": "Last Prism",
		"LastPrismLaser": "Last Prism",
		"Leaf": "Leaf",
		"LightBeam": "Light Beam",
		"LightDisc": "Light Disc",
		"LostSoulFriendly": "Lost Soul",
		"LostSoulHostile": "Lost Soul",
		"LovePotion": "Love Potion",
		"LunarFlare": "Lunar Flare",
		"LunarHookNebula": "Lunar Hook",
		"LunarHookSolar": "Lunar Hook",
		"LunarHookStardust": "Lunar Hook",
		"LunarHookVortex": "Lunar Hook",
		"MagicDagger": "Magic Dagger",
		"MagicLantern": "Magic Lantern",
		"MagicMissile": "Magic Missile",
		"MagnetSphereBall": "Magnet Sphere",
		"MagnetSphereBolt": "Magnet Sphere",
		"MartianTurretBolt": "Electric Bolt",
		"MartianWalkerLaser": "Laser Ray",
		"MechanicalPiranha": "Mechanical Piranha",
		"MechanicWrench": "Mechanic's Wrench",
		"MedusaHead": "Medusa Ray",
		"MedusaHeadRay": "Medusa Ray",
		"Meowmere": "Meowmere",
		"Meteor1": "Meteor",
		"Meteor2": "Meteor",
		"Meteor3": "Meteor",
		"MeteorShot": "Meteor Shot",
		"MinecartMechLaser": "Minecart Laser",
		"MiniMinotaur": "Mini Minotaur",
		"MiniRetinaLaser": "Mini Retina Laser",
		"MiniSharkron": "Mini Sharkron",
		"Missile": "Missile",
		"MolotovCocktail": "Molotov Cocktail",
		"MolotovFire": "Molotov Fire",
		"MolotovFire2": "Molotov Fire",
		"MolotovFire3": "Molotov Fire",
		"MoonLeech": "Moon Leech",
		"MoonlordArrow": "Luminite Arrow",
		"MoonlordArrowTrail": "Luminite Arrow",
		"MoonlordBullet": "Luminite Bullet",
		"MoonlordTurret": "Lunar Portal",
		"MoonlordTurretLaser": "Lunar Portal Laser",
		"MudBall": "Mud Ball",
		"Mushroom": "Mushroom",
		"MushroomSpear": "Mushroom Spear",
		"MushroomSpray": "Mushroom Spray",
		"MythrilChainsaw": "Mythril Chainsaw",
		"MythrilDrill": "Mythril Drill",
		"MythrilHalberd": "Mythril Halberd",
		"Nail": "Nail",
		"NailFriendly": "Nail",
		"NanoBullet": "Nano Bullet",
		"NebulaArcanum": "Nebula Arcanum",
		"NebulaArcanumExplosionShot": "Nebula Arcanum",
		"NebulaArcanumExplosionShotShard": "Nebula Arcanum",
		"NebulaArcanumSubshot": "Nebula Arcanum",
		"NebulaBlaze1": "Nebula Blaze",
		"NebulaBlaze2": "Nebula Blaze Ex",
		"NebulaBolt": "Nebula Piercer",
		"NebulaChainsaw": "Nebula Chainsaw",
		"NebulaDrill": "Nebula Drill",
		"NebulaEye": "Nebula Eye",
		"NebulaLaser": "Nebula Laser",
		"NebulaSphere": "Nebula Sphere",
		"NettleBurstEnd": "Nettle Burst",
		"NettleBurstLeft": "Nettle Burst",
		"NettleBurstRight": "Nettle Burst",
		"NightBeam": "Night Beam",
		"None": "",
		"NorthPoleSnowflake": "North Pole",
		"NorthPoleSpear": "North Pole",
		"NorthPoleWeapon": "North Pole",
		"NurseSyringeHeal": "Syringe",
		"NurseSyringeHurt": "Syringe",
		"Obelisk": "Tombstone",
		"ObsidianSwordfish": "Obsidian Swordfish",
		"OneEyedPirate": "One Eyed Pirate",
		"OrichalcumChainsaw": "Orichalcum Chainsaw",
		"OrichalcumDrill": "Orichalcum Drill",
		"OrichalcumHalberd": "Orichalcum Halberd",
		"OrnamentFriendly": "Ornament",
		"OrnamentHostile": "Ornament",
		"OrnamentHostileShrapnel": "Ornament",
		"PainterPaintball": "Paintball",
		"PaladinsHammerFriendly": "Paladin's Hammer",
		"PaladinsHammerHostile": "Paladin's Hammer",
		"PalladiumChainsaw": "Palladium Chainsaw",
		"PalladiumDrill": "Palladium Drill",
		"PalladiumPike": "Palladium Pike",
		"Parrot": "Parrot",
		"PartyBullet": "Party Bullet",
		"PartyGirlGrenade": "Confetti Grenade",
		"PearlSandBallFalling": "Pearl Sand Ball",
		"PearlSandBallGun": "Pearl Sand Ball",
		"Penguin": "Penguin",
		"PetLizard": "Pet Lizard",
		"Phantasm": "Phantasm",
		"PhantasmalBolt": "Phantasmal Bolt",
		"PhantasmalDeathray": "Phantasmal Deathray",
		"PhantasmalEye": "Phantasmal Eye",
		"PhantasmalSphere": "Phantasmal Sphere",
		"PhantasmArrow": "Phantasm",
		"PhasicWarpDisc": "",
		"PhasicWarpEjector": "",
		"PineNeedleFriendly": "Pine Needle",
		"PineNeedleHostile": "Pine Needle",
		"PinkFairy": "Pink Fairy",
		"PinkLaser": "Pink Laser",
		"PirateCaptain": "Pirate Captain",
		"PlatinumCoin": "Platinum Coin",
		"PlatinumCoinsFalling": "Platinum Coins",
		"PoisonDart": "Poison Dart",
		"PoisonDartBlowgun": "Poison Dart",
		"PoisonDartTrap": "Poison Dart",
		"PoisonedKnife": "Poisoned Knife",
		"PoisonFang": "Poison Fang",
		"PoisonSeedPlantera": "Poison Seed",
		"PortalGun": "Portal Gun",
		"PortalGunBolt": "Portal Bolt",
		"PortalGunGate": "Portal Gate",
		"PossessedHatchet": "Possessed Hatchet",
		"Present": "Present",
		"ProximityMineI": "Proximity Mine",
		"ProximityMineII": "Proximity Mine",
		"ProximityMineIII": "Proximity Mine",
		"ProximityMineIV": "Proximity Mine",
		"PulseBolt": "Pulse Bolt",
		"Puppy": "Puppy",
		"PureSpray": "Pure Spray",
		"PurificationPowder": "Purification Powder",
		"PurpleCounterweight": "Counterweight",
		"PurpleLaser": "Purple Laser",
		"Pygmy": "Pygmy",
		"Pygmy2": "Pygmy",
		"Pygmy3": "Pygmy",
		"Pygmy4": "Pygmy",
		"PygmySpear": "Pygmy",
		"QuarterNote": "Note",
		"RainbowBack": "Rainbow",
		"RainbowCrystal": "Rainbow Crystal",
		"RainbowCrystalExplosion": "Rainbow Explosion",
		"RainbowFront": "Rainbow",
		"RainbowRodBullet": "Rainbow",
		"RainCloudMoving": "Rain Cloud",
		"RainCloudRaining": "Rain Cloud",
		"RainFriendly": "Rain",
		"RainNimbus": "Rain",
		"Rally": "Yoyo",
		"Raven": "Raven",
		"RayGunnerLaser": "Laser Ray",
		"RedCounterweight": "Counterweight",
		"RedsYoyo": "Yoyo",
		"Retanimini": "Retanimini",
		"RichGravestone1": "Tombstone",
		"RichGravestone2": "Tombstone",
		"RichGravestone3": "Tombstone",
		"RichGravestone4": "Tombstone",
		"RichGravestone5": "Tombstone",
		"RocketFireworkBlue": "Rocket",
		"RocketFireworkGreen": "Rocket",
		"RocketFireworkRed": "Rocket",
		"RocketFireworksBoxBlue": "Rocket",
		"RocketFireworksBoxGreen": "Rocket",
		"RocketFireworksBoxRed": "Rocket",
		"RocketFireworksBoxYellow": "Rocket",
		"RocketFireworkYellow": "Rocket",
		"RocketI": "Rocket",
		"RocketII": "Rocket",
		"RocketIII": "Rocket",
		"RocketIV": "Rocket",
		"RocketSkeleton": "Rocket",
		"RocketSnowmanI": "Rocket",
		"RocketSnowmanII": "Rocket",
		"RocketSnowmanIII": "Rocket",
		"RocketSnowmanIV": "Rocket",
		"RopeCoil": "Rope Coil",
		"RottenEgg": "Rotten Egg",
		"RubyBolt": "Ruby Bolt",
		"RuneBlast": "Rune Blast",
		"SalamanderSpit": "Poison Spit",
		"SandBallFalling": "Sand Ball",
		"SandBallGun": "Sand Ball",
		"SandnadoFriendly": "Ancient Storm",
		"SandnadoHostile": "Ancient Storm",
		"SandnadoHostileMark": "Ancient Storm",
		"SantaBombs": "Christmas Ornament",
		"Sapling": "Sapling",
		"SapphireBolt": "Sapphire Bolt",
		"SaucerDeathray": "Martian Deathray",
		"SaucerLaser": "Saucer Laser",
		"SaucerMissile": "Martian Rocket",
		"SaucerScrap": "Saucer Scrap",
		"SawtoothShark": "Sawtooth Shark",
		"ScutlixLaser": "Laser",
		"ScutlixLaserCrosshair": "Scutlix Crosshair",
		"ScutlixLaserFriendly": "Scutlix Laser",
		"Seed": "Seed",
		"SeedlerNut": "Seedler",
		"SeedlerThorn": "Seedler",
		"SeedPlantera": "Seed",
		"ShadowBeamFriendly": "Shadow Beam",
		"ShadowBeamHostile": "Shadow Beam",
		"ShadowFlame": "Shadowflame",
		"ShadowFlameArrow": "Shadowflame Arrow",
		"ShadowFlameKnife": "Shadowflame Knife",
		"Shadowflames": "Shadowflames",
		"ShadowOrb": "Shadow Orb",
		"Sharknado": "Sharknado",
		"SharknadoBolt": "Sharknado Bolt",
		"Shuriken": "Shuriken",
		"SilkRopeCoil": "Rope Coil",
		"SiltBall": "Silt Ball",
		"SilverCoin": "Silver Coin",
		"SilverCoinsFalling": "Silver Coins",
		"SkeletonBone": "Bone",
		"SkeletronHand": "Skeletron Hand",
		"Skull": "Skull",
		"SkyFracture": "Sky Fracture",
		"SlimeGun": "Slime Gun",
		"SlimeHook": "Slime Hook",
		"SlushBall": "Slush Ball",
		"SmokeBomb": "Smoke Bomb",
		"SniperBullet": "Sniper Bullet",
		"SnowBallFriendly": "Snow Ball",
		"SnowBallHostile": "Snow Ball",
		"SolarCounter": "Solar Radiance",
		"SolarFlareChainsaw": "Solar Flare Chainsaw",
		"SolarFlareDrill": "Solar Flare Drill",
		"SolarFlareRay": "Solar Flare",
		"SolarWhipSword": "Solar Eruption",
		"SolarWhipSwordExplosion": "Solar Eruption",
		"SoulDrain": "Soul Drain",
		"SoulscourgePirate": "Soulscourge Pirate",
		"Spark": "Spark",
		"Spazmamini": "Spazmamini",
		"Spear": "Spear",
		"SpearTrap": "Spear",
		"SpectreWrath": "Spectre Wrath",
		"SpelunkerGlowstick": "Spelunker Glowstick",
		"Spider": "Spider",
		"SpiderEgg": "Spider Egg",
		"SpiderHiver": "Spider Turret",
		"Spike": "Spike",
		"SpikedSlimeSpike": "Slime Spike",
		"SpikyBall": "Spiky Ball",
		"SpikyBallTrap": "Spiky Ball",
		"SpiritFlame": "Spirit Flame",
		"SpiritHeal": "Spirit Heal",
		"SporeCloud": "Spore Cloud",
		"SporeGas": "Spore",
		"SporeGas2": "Spore",
		"SporeGas3": "Spore",
		"SporeTrap": "Spore",
		"SporeTrap2": "Spore",
		"Squashling": "Squashling",
		"Stake": "Stake",
		"StarAnise": "Star Anise",
		"StardustCellMinion": "Stardust Cell",
		"StardustCellMinionShot": "Stardust Cell",
		"StardustChainsaw": "Stardust Chainsaw",
		"StardustDragon1": "Stardust Dragon",
		"StardustDragon2": "Stardust Dragon",
		"StardustDragon3": "Stardust Dragon",
		"StardustDragon4": "Stardust Dragon",
		"StardustDrill": "Stardust Drill",
		"StardustGuardian": "Stardust Guardian",
		"StardustGuardianExplosion": "Starburst",
		"StardustJellyfishSmall": "Flow Invader",
		"StardustSoldierLaser": "Stardust Laser",
		"StardustTowerMark": "Starmark",
		"Starfury": "Starfury",
		"StarWrath": "Star Wrath",
		"StaticHook": "Static Hook",
		"StickyBomb": "Sticky Bomb",
		"StickyDynamite": "Sticky Dynamite",
		"StickyGlowstick": "Sticky Glowstick",
		"StickyGrenade": "Sticky Grenade",
		"Stinger": "Stinger",
		"Stynger": "Stynger",
		"StyngerShrapnel": "Stynger",
		"Sunfury": "Sunfury",
		"SuspiciousTentacle": "Suspicious Looking Tentacle",
		"SwordBeam": "Sword Beam",
		"Swordfish": "Swordfish",
		"Tempest": "Tempest",
		"TendonHook": "Hook",
		"TerraBeam": "Terra Beam",
		"Terrarian": "Terrarian",
		"TerrarianBeam": "Terrarian",
		"TheDaoofPow": "The Dao of Pow",
		"TheEyeOfCthulhu": "Yoyo",
		"TheMeatball": "The Meatball",
		"TheRottedFork": "The Rotted Fork",
		"ThornBall": "Thorn Ball",
		"ThornChakram": "Thorn Chakram",
		"ThornHook": "Hook",
		"ThrowingKnife": "Throwing Knife",
		"TiedEighthNote": "Note",
		"TikiSpirit": "Tiki Spirit",
		"TinyEater": "Tiny Eater",
		"TitaniumChainsaw": "Titanium Chainsaw",
		"TitaniumDrill": "Titanium Drill",
		"TitaniumTrident": "Titanium Trident",
		"Tombstone": "Tombstone",
		"TopazBolt": "Topaz Bolt",
		"TowerDamageBolt": "Released Energy",
		"ToxicBubble": "Toxic Bubble",
		"ToxicCloud": "Toxic Cloud",
		"ToxicCloud2": "Toxic Cloud",
		"ToxicCloud3": "Toxic Cloud",
		"ToxicFlask": "Toxic Flask",
		"TrackHook": "Track Hook",
		"Trident": "Trident",
		"Truffle": "Truffle",
		"TruffleSpore": "Truffle Spore",
		"Turtle": "Turtle",
		"Twinkle": "Twinkle",
		"Typhoon": "Typhoon",
		"UFOLaser": "UFO Ray",
		"UFOMinion": "UFO",
		"UnholyArrow": "Unholy Arrow",
		"UnholyTridentFriendly": "Unholy Trident",
		"UnholyTridentHostile": "Unholy Trident",
		"UnholyWater": "Unholy Water",
		"ValkyrieYoyo": "Yoyo",
		"Valor": "Yoyo",
		"VampireHeal": "Vampire Heal",
		"VampireKnife": "Vampire Knife",
		"VenomArrow": "Venom Arrow",
		"VenomBullet": "Venom Bullet",
		"VenomFang": "Venom Fang",
		"VenomSpider": "Venom Spider",
		"ViciousPowder": "Vicious Powder",
		"VilePowder": "Vile Powder",
		"VilethornBase": "Vilethorn",
		"VilethornTip": "Vilethorn",
		"VineRopeCoil": "Vine Rope Coil",
		"VortexAcid": "Alien Goop",
		"VortexBeater": "Vortex Beater",
		"VortexBeaterRocket": "Vortex Rocket",
		"VortexChainsaw": "Vortex Chainsaw",
		"VortexDrill": "Vortex Drill",
		"VortexLaser": "Vortex Laser",
		"VortexLightning": "Vortex Lightning",
		"VortexVortexLightning": "Vortex",
		"VortexVortexPortal": "Vortex",
		"Wasp": "Wasp",
		"WaterBolt": "Water Bolt",
		"WaterGun": "Water Gun",
		"WaterStream": "Water Stream",
		"Web": "Web",
		"WebRopeCoil": "Rope Coil",
		"WebSpit": "Web spit",
		"WireKite": "Wire Kite",
		"Wisp": "Wisp",
		"WoodenArrowFriendly": "Wooden Arrow",
		"WoodenArrowHostile": "Wooden Arrow",
		"WoodenBoomerang": "Wooden Boomerang",
		"WoodHook": "Wood Hook",
		"WoodYoyo": "Yoyo",
		"WormHook": "Hook",
		"Xenopopper": "Xenopopper",
		"Yelets": "Yoyo",
		"YellowCounterweight": "Counterweight",
		"ZephyrFish": "Zephyr Fish",
		"Ale": "Ale",
		"DD2OgreStomp": "Ogre's Stomp",
		"DD2OgreSmash": "Ogre's Stomp",
		"DD2DrakinShot": "Drakin",
		"DD2ElderWins": "Grim End",
		"DD2DarkMageRaise": "Dark Sigil",
		"DD2DarkMageHeal": "Dark Sigil",
		"DD2DarkMageBolt": "Dark Energy",
		"DD2OgreSpit": "Ogre Spit",
		"DD2BallistraTowerT1": "Ballista",
		"DD2BallistraTowerT2": "Ballista",
		"DD2BallistraTowerT3": "Ballista",
		"DD2BallistraProj": "Ballista",
		"DD2GoblinBomb": "Goblin Bomb",
		"DD2LightningBugZap": "Withering Bolt",
		"DD2SquireSonicBoom": "Hearty Slash",
		"DD2BetsyFireball": "Betsy's Fireball",
		"DD2BetsyFlameBreath": "Betsy's Breath",
		"DD2LightningAuraT1": "Lightning Aura",
		"DD2LightningAuraT2": "Lightning Aura",
		"DD2LightningAuraT3": "Lightning Aura",
		"DD2ExplosiveTrapT1": "Explosive Trap",
		"DD2ExplosiveTrapT2": "Explosive Trap",
		"DD2ExplosiveTrapT3": "Explosive Trap",
		"DD2ExplosiveTrapT1Explosion": "Explosive Trap",
		"DD2ExplosiveTrapT2Explosion": "Explosive Trap",
		"DD2ExplosiveTrapT3Explosion": "Explosive Trap",
		"MonkStaffT1": "Sleepy Octopod",
		"MonkStaffT1Explosion": "Pole Smash",
		"MonkStaffT2": "Ghastly Glaive",
		"MonkStaffT2Ghast": "Ghast",
		"DD2PetDragon": "Hoardagron",
		"DD2PetGato": "Propeller Gato",
		"DD2PetGhost": "Flickerwick",
		"DD2ApprenticeStorm": "Whirlwind of Infinite Wisdom",
		"DD2PhoenixBow": "Phantom Phoenix",
		"DD2PhoenixBowShot": "Phantom Phoenix",
		"MonkStaffT3": "Sky Dragon's Fury",
		"MonkStaffT3_Alt": "Sky Dragon's Fury",
		"MonkStaffT3_AltShot": "Sky Dragon's Fury",
		"DD2BetsyArrow": "Aerial Bane",
		"ApprenticeStaffT3Shot": "Betsy's Wrath",
		"BookStaffShot": "Tome of Infinite Wisdom",
		"DD2Win": "Victory!"
	}
}