{
	"Announcement": {
		"HasBeenDefeated_Plural": "{0} ponoszą klęskę!",
		"HasBeenDefeated_Single": "{0} ponosi klęskę!",
		"HasAwoken": "{0} budzi się ze snu!",
		"HasArrived": "{0} nadchodzi!"
	},
	"ArmorSetBonus": {
		"MetalTier1": "2 pkt. obrony",
		"MetalTier2": "3 pkt. obrony",
		"CobaltRanged": "20% szans niezużycia amunicji",
		"MythrilCaster": "17% mniejsze zużycie many",
		"MythrilMelee": "5% większa szansa na trafienie krytyczne w walce w zwarciu",
		"MythrilRanged": "20% szans niezużycia amunicji",
		"AdamantiteCaster": "19% mniejsze zużycie many",
		"AdamantiteMelee": "18% zwiększona szybkość poruszania się i walki w zwarciu",
		"AdamantiteRanged": "25% szans niezużycia amunicji",
		"HallowCaster": "20% mniejsze zużycie many",
		"HallowMelee": "19% zwiększona szybkość poruszania się i walki w zwarciu",
		"HallowRanged": "25% szans niezużycia amunicji",
		"ShadowScale": "15% zwiększona szybkość poruszania się",
		"Wood": "1 pkt. obrony",
		"Crimson": "Znacznie zwiększona regeneracja życia",
		"Frost": "Ataki dystansowe i w zwarciu powodują mrozogień",
		"Tiki": "Zwiększa maksymalną liczbę sług gracza",
		"Palladium": "Znacznie zwiększa regenerację życia, gdy gracz uderzy przeciwnika",
		"Orichalcum": "Na cel spadają płatki kwiatów, zadając dodatkowe obrażenia",
		"Titanium": "Po zadaniu obrażeń przeciwnikowi gracz zyskuje odporność",
		"Chlorophyte": "Przyzywa potężnego liścia kryształowego, który rani pobliskich wrogów",
		"Wizard": "10% większa szansa na magiczne trafienie krytyczne",
		"Turtle": "Atakujący również otrzymują pełne obrażenia",
		"Meteor": "Pistolet kosmiczny zużywa 0 many",
		"SpectreHealing": "Obrażenia magiczne zadane przeciwnikom leczą gracza z najmniejszą liczbą punktów życia",
		"Shroomite": "Bezruch wprowadza cię w ukrycie,\nzwiększając twoje możliwości dystansowe i utrudniając przeciwnikom namierzanie",
		"Platinum": "4 pkt. obrony",
		"Pumpkin": "10% zwiększone obrażenia",
		"Spooky": "Zwiększa obrażenia sług o 25%",
		"SpectreDamage": "Zadane obrażenia magiczne zostaną dodatkowo odbite w pobliskich wrogów",
		"MagicHat": "Zwiększa maksymalną liczbę punktów many o 60",
		"BeetleDefense": "Żuki chronią cię przed otrzymaniem obrażeń",
		"BeetleDamage": "Żuki zwiększają twoje obrażenia i szybkość w walce w zwarciu",
		"Bee": "Zwiększa obrażenia sług o 10%",
		"Bone": "20% szans niezużycia amunicji",
		"Spider": "Zwiększa obrażenia sług o 12%",
		"Ninja": "33% szans niezużycia rzucanego przedmiotu",
		"Fossil": "50% szans niezużycia rzucanego przedmiotu",
		"Solar": "Z czasem tworzą się chroniące cię tarcze słoneczne,\nmożesz zużyć moc tarczy, żeby wykonać zryw, zadając przeciwnikom obrażenia",
		"Vortex": "Stuknij dwukrotnie {0}, żeby się ukryć\nzwiększając swoje możliwości dystansowe i utrudniając przeciwnikom namierzanie, ale również zmniejszając swoją szybkość poruszania się",
		"Nebula": "Zadawanie obrażeń wrogom może spowodować powstanie intensyfikatorów wzmocnień,\nzbieraj je, żeby zyskiwać nakładające się na siebie wzmocnienia",
		"Stardust": "Stuknij dwukrotnie {0}, żeby skierować swojego strażnika w konkretne miejsce",
		"Forbidden": "Stuknij dwukrotnie {0}, żeby przyzwać pradawną burzę w miejsce kursora",
		"Jungle": "16% mniejsze zużycie many",
		"Molten": "17% dodatkowych obrażeń w walce w zwarciu",
		"Mining": "30% zwiększona szybkość kopania",
		"CobaltCaster": "14% mniejsze zużycie many",
		"CobaltMelee": "15% zwiększona szybkość walki w zwarciu",
		"ApprenticeTier2": "Zwiększa maksymalną liczbę wartowników\nZnaczne zwiększenie zasięgu i pola widzenia ognistych wartowników",
		"ApprenticeTier3": "Zwiększa maksymalną liczbę wartowników\nZnacznie zwiększa skuteczność ognistych wartowników",
		"HuntressTier2": "Zwiększa maksymalną liczbę wartowników\nWybuchowe pułapki szybciej się ładują i oblewają przeciwników naftą\nPodpal oblanych naftą przeciwników, co zadaje dodatkowe obrażenia",
		"HuntressTier3": "Zwiększa maksymalną liczbę wartowników\nZnacznie zwiększa skuteczność wybuchowych pułapek",
		"MonkTier2": "Zwiększa maksymalną liczbę wartowników\nElektryczna aura uderza szybciej i może zadawać trafienia krytyczne",
		"MonkTier3": "Zwiększa maksymalną liczbę wartowników\nZnacznie zwiększa skuteczność elektrycznej aury",
		"SquireTier2": "Zwiększa maksymalną liczbę wartowników\nBalista przebija większą liczbę celów i panikuje, gdy otrzymasz obrażenia",
		"SquireTier3": "Zwiększa maksymalną liczbę wartowników\nZnacznie zwiększa skuteczność balisty"
	},
	"BuffDescription": {
		"AmmoBox": "20% szans niezużycia amunicji",
		"AmmoReservation": "20% szans niezużycia amunicji",
		"Archery": "20% zwiększone obrażenia i szybkość strzał",
		"BabyDinosaur": "Chodzi za tobą młody dinozaur",
		"BabyEater": "Chodzi za tobą pożeracz dusz",
		"BabyFaceMonster": "Chodzi za tobą młody pyskostwór",
		"BabyGrinch": "Chodzi za tobą młody grinch",
		"BabyHornet": "Myśli, że jesteś jego matką",
		"BabyPenguin": "Chyba chcę twoją rybę",
		"BabySkeletronHead": "Nawet nie pytaj...",
		"BabySlime": "Młody szlam będzie cię bronił",
		"BabySnowman": "Chodzi za tobą młody bałwan",
		"BabyTruffle": "No powiedz, że nie jest milutka?",
		"BallistaPanic": "Twoje balisty panikują i oddają szybkie strzały!",
		"BasiliskMount": "Wpakuj się w kogo chcesz... KOGOKOLWIEK!",
		"Battle": "Zwiększone tempo rodzenia się przeciwników",
		"BeeMount": "BzzzBzzBZZZZBzzz",
		"BeetleEndurance1": "Otrzymywane obrażenia zmniejszone o 15%",
		"BeetleEndurance2": "Otrzymywane obrażenia zmniejszone o 30%",
		"BeetleEndurance3": "Otrzymywane obrażenia zmniejszone o 45%",
		"BeetleMight1": "Obrażenia w walce w zwarciu oraz szybkość zwiększone o 10%",
		"BeetleMight2": "Obrażenia w walce w zwarciu oraz szybkość zwiększone o 20%",
		"BeetleMight3": "Obrażenia w walce w zwarciu oraz szybkość zwiększone o 30%",
		"BetsysCurse": "Zmniejszona obrona",
		"Bewitched": "Zwiększona maksymalna liczba sług",
		"BlackCat": "Chodzi za tobą czarny kotek",
		"Blackout": "Znacznie ograniczone widzenie",
		"Bleeding": "Nie można regenerować życia",
		"BoneJavelin": "Wykrwawienie",
		"BrokenArmor": "Obrona zmniejszona o połowę",
		"Builder": "Zwiększone szybkość i zasięg układania obiektów",
		"BunnyMount": "Chce ci się marchewki",
		"Burning": "Utrata życia i spowolnione poruszanie się",
		"Calm": "Zmniejszona agresja przeciwników",
		"Campfire": "Nieznacznie zwiększona regeneracja życia",
		"ChaosState": "Korzystanie z Kostura niezgody będzie zabierać życie",
		"Chilled": "Szybkość poruszania się ograniczona",
		"Clairvoyance": "Moce magiczne zwiększone",
		"CompanionCube": "Nie zagrozi ci, że cię potnie, w sumie to nie umie nawet mówić",
		"Confused": "Odwrócone poruszanie się",
		"Crate": "Większa szansa wyłowienia skrzyni",
		"CrimsonHeart": "Magiczne serce dające światło",
		"Cursed": "Nie można używać żadnych przedmiotów",
		"CursedInferno": "Utrata życia",
		"CursedSapling": "Chodzi za tobą przeklęte drzewko",
		"CuteFishronMount": "Tylko nie każ mu się czołgać.",
		"Dangersense": "Widzisz pobliskie niebezpieczeństwa",
		"Darkness": "Ograniczone widzenie",
		"Daybreak": "Incenerated by solar rays",
		"Dazed": "Znacznie ograniczone poruszanie się",
		"DeadlySphere": "Zabójcza kula będzie cię bronić",
		"DrillMount": "Latający świder",
		"DryadsWard": "Chroni cię siła natury",
		"DryadsWardDebuff": "The power of nature compells you",
		"Electrified": "Nie możesz się ruszyć",
		"Endurance": "10% zmniejszone obrażenia",
		"EyeballSpring": "Chodzi za tobą nerw oczny",
		"FairyBlue": "Chodzi za tobą duszek",
		"FairyGreen": "Chodzi za tobą duszek",
		"FairyRed": "Chodzi za tobą duszek",
		"Featherfall": "Wciśnij W GÓRĘ lub W DÓŁ, żeby regulować szybkość spadania",
		"Fishing": "Zwiększony poziom wędkarstwa",
		"Flipper": "Poruszaj się bez problemu w wodzie",
		"Frostburn": "Albo solidnie pali, albo mocno wychładza. Tak czy siak, NAPRAWDĘ boli",
		"Frozen": "Nie możesz się poruszać!",
		"Gills": "Oddychaj wodą zamiast powietrzem",
		"Gravitation": "Wciśnij W GÓRĘ, żeby odwrócić grawitację",
		"HeartLamp": "Zwiększona regeneracja życia",
		"Heartreach": "Zwiększony zasięg zbierania serc",
		"Honey": "Zwiększona regeneracja życia",
		"HornetMinion": "Szerszeń będzie cię bronił",
		"Horrified": "Po takim paskudnym widoku nie ma ucieczki.",
		"Hunter": "Pokazuje położenie przeciwników",
		"IceBarrier": "Otrzymywane obrażenia zmniejszone o 25%",
		"Ichor": "Zmniejszona obrona",
		"ImpMinion": "Diablik będzie cię bronił",
		"Inferno": "Podpala pobliskich przeciwników",
		"Invisibility": "Daje niewidzialność",
		"Ironskin": "Zwiększ obronę o 8",
		"LeafCrystal": "Strzela kryształowymi liśćmi w pobliskich przeciwników",
		"Lifeforce": "Maksymalne pkt. życia zwiększone o 20%",
		"Lovestruck": "Ogarnia cię uczucie miłości!",
		"MagicLantern": "Zaczarowana lampa oświetla twoją drogę",
		"MagicPower": "20% zwiększone obrażenia magiczne",
		"ManaRegeneration": "Zwiększona regeneracja many",
		"ManaSickness": "Obrażenia magiczne zmniejszone o ",
		"Merfolk": "Można bezproblemowo oddychać i poruszać się pod wodą",
		"Midas": "Upuść więcej pieniędzy, jak zginiesz",
		"MinecartLeft": "Przejażdżka wózkiem górniczym",
		"MinecartLeftMech": "Przejażdżka wózkiem górniczym",
		"MinecartLeftWood": "Przejażdżka wózkiem górniczym",
		"MinecartRight": "Przejażdżka wózkiem górniczym",
		"MinecartRightMech": "Przejażdżka wózkiem górniczym",
		"MinecartRightWood": "Przejażdżka wózkiem górniczym",
		"MiniMinotaur": "Jak pokonać miniminotaura?",
		"Mining": "25% zwiększona szybkość kopania",
		"MonsterBanner": "Zwiększone obrażenia i obrona przed następującymi przeciwnikami:",
		"MoonLeech": "Nie otrzymujesz żadnego leczenia",
		"NebulaUpDmg1": "15% zwiększone obrażenia",
		"NebulaUpDmg2": "30% zwiększone obrażenia",
		"NebulaUpDmg3": "45% zwiększone obrażenia",
		"NebulaUpLife1": "Zwiększona regeneracja życia",
		"NebulaUpLife2": "Zwiększona regeneracja życia",
		"NebulaUpLife3": "Zwiększona regeneracja życia",
		"NebulaUpMana1": "Zwiększona regeneracja many",
		"NebulaUpMana2": "Zwiększona regeneracja many",
		"NebulaUpMana3": "Zwiększona regeneracja many",
		"NightOwl": "Lepsze widzenie w nocy",
		"NoBuilding": "Tracisz możliwość tworzenia!",
		"ObsidianSkin": "Odporność na lawę",
		"Obstructed": "Nie widzisz!",
		"OgreSpit": "Poruszanie się znacznie ograniczone",
		"Oiled": "Otrzymywanie większych obrażeń od ognia",
		"OnFire": "Powolna utrata życia",
		"PaladinsShield": "25% otrzymanych obrażeń będzie odbitych do innego gracza",
		"Panic": "Zwiększona szybkość poruszania się",
		"ParryDamageBuff": "500% zwiększone obrażenia następnego ataku w walce w zwarciu",
		"PeaceCandle": "Zmniejszone tempo rodzenia się potworów",
		"PetBunny": "Chyba chcę twoją marchewkę",
		"PetDD2Dragon": "Chodzi za tobą hoardagron",
		"PetDD2Gato": "Chodzi za tobą gato-śmiglarz",
		"PetDD2Ghost": "Chodzi za tobą nikły płomyk",
		"PetLizard": "Gad jaki jest, każdy widzi",
		"PetParrot": "Polly chce krakersa",
		"PetSapling": "Chodzi za tobą drzewko",
		"PetSpider": "Chodzi za tobą pająk",
		"PetTurtle": "Miłego żółwiowania!",
		"PigronMount": "Teraz mnie widzisz...",
		"PirateMinion": "Pirat będzie cię bronił",
		"Poisoned": "Powolna utrata życia",
		"PotionSickness": "Nie można więcej używać przedmiotów leczących",
		"Puppy": "Chodzi za tobą szczeniak",
		"Pygmies": "Pigmeje będą cię bronić",
		"Rabies": "Zwiększone obrażenia, zmniejszona regeneracja życia, nakłada efekty zmieniające status",
		"Rage": "10% zwiększona szansa na trafienie krytyczne",
		"RapidHealing": "Znacznie zwiększona regeneracja życia",
		"Ravens": "Kruki zaatakują twoich wrogów",
		"Regeneration": "Zapewnia regenerację życia",
		"Rudolph": "Na czerwononosym reniferze w świat",
		"ScutlixMount": "Pif, paf",
		"ShadowDodge": "Unikniesz następnego ataku",
		"ShadowFlame": "Utrata życia",
		"ShadowOrb": "Magiczna kula dająca światło",
		"SharknadoMinion": "Rekinado będzie cię bronić",
		"Sharpened": "Bronie do walki w zwarciu penetrują pancerz",
		"Shine": "Emituje światło",
		"Silenced": "Nie można używać przedmiotów wymagających many",
		"Slimed": "Pokrywa cię warstwa szlamu i się kleisz",
		"SlimeMount": "HOPSASA!",
		"Slow": "Zmniejszona szybkość poruszania się",
		"SolarShield1": "Otrzymywane obrażenia zmniejszone o 30%, odeprzyj wrogów przy otrzymaniu obrażeń",
		"SolarShield2": "Otrzymywane obrażenia zmniejszone o 30%, odeprzyj wrogów przy otrzymaniu obrażeń",
		"SolarShield3": "Otrzymywane obrażenia zmniejszone o 30%, odeprzyj wrogów przy otrzymaniu obrażeń",
		"Sonar": "Wiesz, co gryzie twój haczyk",
		"SoulDrain": "Zwiększona regeneracja życia",
		"Spelunker": "Pokazuje położenie skarbu i rudy",
		"SpiderMinion": "Pająk będzie cię bronił",
		"Squashling": "Chodzi za tobą kabaczek",
		"StardustDragonMinion": "Smok pyłu gwiezdnego będzie cię bronił",
		"StardustGuardianMinion": "Strażnik pyłu gwiezdnego będzie cię bronił",
		"StardustMinion": "Ogniwo pyłu gwiezdnego będzie cię bronić",
		"StardustMinionBleed": "being eaten by cells",
		"StarInBottle": "Zwiększona regeneracja many",
		"Stinky": "Strasznie zapodajesz",
		"Stoned": "Zamieniasz się w kamień!",
		"Suffocation": "Utrata życia",
		"Summoning": "Zwiększona maksymalna liczba sług",
		"Sunflower": "Zwiększona szybkość poruszania się i zmniejszone tempo rodzenia się potworów",
		"SuspiciousTentacle": "Podejrzanie wyglądające oko dające światło",
		"Swiftness": "25% zwiększona szybkość poruszania się",
		"TheTongue": "Paszcza cię wsysa",
		"Thorns": "Atakujący również otrzymują obrażenia",
		"TikiSpirit": "Chodzi za tobą przyjazny duch",
		"Tipsy": "Zwiększone umiejętności walki w zwarciu, zmniejszona obrona",
		"Titan": "Zwiększony odrzut",
		"TurtleMount": "Wolno na lądzie, szybko na morzu",
		"TwinEyesMinion": "Bliźnięta będą cię chronić",
		"UFOMinion": "UFO będzie cię chronić",
		"UFOMount": "Dobrze, że masz maca",
		"UnicornMount": "Naprzód, mój wierny rumaku!",
		"Venom": "Utrata życia",
		"VortexDebuff": "Zakrzywiasz grawitację",
		"Warmth": "Zmniejszone obrażenia od źródeł zimna",
		"WaterCandle": "Zwiększone tempo rodzenia się potworów",
		"WaterWalking": "Wciśnij W DÓŁ, żeby wejść do wody",
		"Weak": "Zdolności fizyczne zmniejszone",
		"WeaponImbueConfetti": "Ataki w zwarciu przywołują konfetti",
		"WeaponImbueCursedFlames": "Ataki w zwarciu rzucają na wrogów przeklęte płomienie",
		"WeaponImbueFire": "Ataki w zwarciu podpalają wrogów",
		"WeaponImbueGold": "Wrogowie upuszczają więcej złota po atakach w zwarciu",
		"WeaponImbueIchor": "Ataki w zwarciu obniżają obronę wrogów",
		"WeaponImbueNanites": "Ataki w zwarciu dezorientują wrogów",
		"WeaponImbuePoison": "Ataki w zwarciu zatruwają wrogów",
		"WeaponImbueVenom": "Ataki w zwarciu wstrzykują twoim celom jad",
		"Webbed": "Nie możesz się ruszać",
		"WellFed": "Niewielkie ulepszenie wszystkich statystyk",
		"Werewolf": "Zdolności fizyczne zwiększone",
		"Wet": "Cieknie z ciebie",
		"WindPushed": "Wiatr hula wokół ciebie!",
		"Wisp": "Chodzi za tobą błędny ognik",
		"WitheredArmor": "Masz zmniejszony pancerz!",
		"WitheredWeapon": "Twoje ataki są słabsze!",
		"Wrath": "10% zwiększone obrażenia",
		"ZephyrFish": "Lubi koło ciebie pływać"
	},
	"BuffName": {
		"AmmoBox": "Skrzynka z amunicją",
		"AmmoReservation": "Oszczędzanie amunicji",
		"Archery": "Łucznictwo",
		"BabyDinosaur": "Młody dinozaur",
		"BabyEater": "Młody pożeracz",
		"BabyFaceMonster": "Młody pyskostwór",
		"BabyGrinch": "Młody grinch",
		"BabyHornet": "Młody szerszeń",
		"BabyPenguin": "Młody pingwin",
		"BabySkeletronHead": "Głowa szkieletrona",
		"BabySlime": "Młody szlam",
		"BabySnowman": "Młody bałwan",
		"BabyTruffle": "Młoda trufla",
		"BallistaPanic": "Spanikowana balista!",
		"BasiliskMount": "Bazyliszek-wierzchowiec",
		"Battle": "Bitwa",
		"BeeMount": "Pszczoła-wierzchowiec",
		"BeetleEndurance1": "Wytrzymałość żuka",
		"BeetleEndurance2": "Wytrzymałość żuka",
		"BeetleEndurance3": "Wytrzymałość żuka",
		"BeetleMight1": "Moc żuka",
		"BeetleMight2": "Moc żuka",
		"BeetleMight3": "Moc żuka",
		"BetsysCurse": "Klątwa Betsy",
		"Bewitched": "Oczarowanie",
		"BlackCat": "Czarny kot",
		"Blackout": "Awaria",
		"Bleeding": "Krwawienie",
		"BoneJavelin": "Penetracja",
		"BrokenArmor": "Zepsuty pancerz",
		"Builder": "Budowniczy",
		"BunnyMount": "Króliczek-wierzchowiec",
		"Burning": "Podpalenie",
		"Calm": "Spokój",
		"Campfire": "Milutkie ciepełko",
		"ChaosState": "Stan chaosu",
		"Chilled": "Ochłodzenie",
		"Clairvoyance": "Jasnowidztwo",
		"CompanionCube": "Kostka towarzysza",
		"Confused": "Dezorientacja",
		"Crate": "Skrzynia",
		"CrimsonHeart": "Szkarłatne serce",
		"Cursed": "Przekleństwo",
		"CursedInferno": "Przeklęte inferno",
		"CursedSapling": "Przeklęte drzewko",
		"CuteFishronMount": "Uroczy rybok-wierzchowiec",
		"Dangersense": "Wyczuwanie zagrożenia",
		"Darkness": "Ciemność",
		"Daybreak": "Zaświtało",
		"Dazed": "Oszołomienie",
		"DeadlySphere": "Zabójcza kula",
		"DrillMount": "Świder-wierzchowiec",
		"DryadsWard": "Błogosławieństwo driady",
		"DryadsWardDebuff": "Zguba driady",
		"Electrified": "Elektryzacja",
		"Endurance": "Wytrzymałość",
		"EyeballSpring": "Nerw oczny",
		"FairyBlue": "Duszek",
		"FairyGreen": "Duszek",
		"FairyRed": "Duszek",
		"Featherfall": "Delikatny upadek",
		"Fishing": "Wędkarstwo",
		"Flipper": "Płetwa",
		"Frostburn": "Mrozogień",
		"Frozen": "Zamarznięcie",
		"Gills": "Skrzela",
		"Gravitation": "Grawitacja",
		"HeartLamp": "Lampa życia",
		"Heartreach": "Sercowy zasięg",
		"Honey": "Miód",
		"HornetMinion": "Szerszeń",
		"Horrified": "Przerażenie",
		"Hunter": "Łowca",
		"IceBarrier": "Lodowa bariera",
		"Ichor": "Ichor",
		"ImpMinion": "Diablik",
		"Inferno": "Inferno",
		"Invisibility": "Niewidzialność",
		"Ironskin": "Żelazna skóra",
		"LeafCrystal": "Liściowy kryształ",
		"Lifeforce": "Życiodajna siła",
		"Lovestruck": "Miłość",
		"MagicLantern": "Magiczna lampa",
		"MagicPower": "Moc magiczna",
		"ManaRegeneration": "Regeneracja many",
		"ManaSickness": "Zaburzenia many",
		"Merfolk": "Ryboludź",
		"Midas": "Midas",
		"MinecartLeft": "Wózek górniczy",
		"MinecartLeftMech": "Wózek górniczy",
		"MinecartLeftWood": "Wózek górniczy",
		"MinecartRight": "Wózek górniczy",
		"MinecartRightMech": "Wózek górniczy",
		"MinecartRightWood": "Wózek górniczy",
		"MiniMinotaur": "Miniminotaur",
		"Mining": "Górnictwo",
		"MonsterBanner": "Sztandar",
		"MoonLeech": "Księżycowe ukąszenie",
		"NebulaUpDmg1": "Mgławica ataku",
		"NebulaUpDmg2": "Mgławica ataku",
		"NebulaUpDmg3": "Mgławica ataku",
		"NebulaUpLife1": "Mgławica życia",
		"NebulaUpLife2": "Mgławica życia",
		"NebulaUpLife3": "Mgławica życia",
		"NebulaUpMana1": "Mgławica many",
		"NebulaUpMana2": "Mgławica many",
		"NebulaUpMana3": "Mgławica many",
		"NightOwl": "Sowa",
		"NoBuilding": "Paraliż kreatywności",
		"ObsidianSkin": "Obsydianowa skóra",
		"Obstructed": "Blokada",
		"OgreSpit": "Zamulenie",
		"Oiled": "Oblanie naftą",
		"OnFire": "Pali się!",
		"PaladinsShield": "Tarcza paladyna",
		"Panic": "Panika!",
		"ParryDamageBuff": "Ofensywa",
		"PeaceCandle": "Świeca pokojowa",
		"PetBunny": "Króliczek-chowaniec",
		"PetDD2Dragon": "Hoardagron",
		"PetDD2Gato": "Gato-śmiglarz",
		"PetDD2Ghost": "Nikły płomyk",
		"PetLizard": "Jaszczurka-chowaniec",
		"PetParrot": "Papuga-chowaniec",
		"PetSapling": "Drzewko-chowaniec",
		"PetSpider": "Pająk-chowaniec",
		"PetTurtle": "Żółw-chowaniec",
		"PigronMount": "Smosiak-wierzchowiec",
		"PirateMinion": "Pirat",
		"Poisoned": "Zatrucie",
		"PotionSickness": "Wstręt do mikstur",
		"Puppy": "Szczeniak",
		"Pygmies": "Pigmeje",
		"Rabies": "Dzikie ugryzienie",
		"Rage": "Wściekłość",
		"RapidHealing": "Szybkie leczenie",
		"Ravens": "Kruki",
		"Regeneration": "Regeneracja",
		"Rudolph": "Rudolf",
		"ScutlixMount": "Scutlix-wierzchowiec",
		"ShadowDodge": "Unik cienia",
		"ShadowFlame": "Cienisty płomień",
		"ShadowOrb": "Kula cienia",
		"SharknadoMinion": "Rekinado",
		"Sharpened": "Ostrość",
		"Shine": "Blask",
		"Silenced": "Uciszenie",
		"Slimed": "Szlam",
		"SlimeMount": "Szlam-wierzchowiec",
		"Slow": "Spowolnienie",
		"SolarShield1": "Słoneczny płomień",
		"SolarShield2": "Słoneczny płomień",
		"SolarShield3": "Słoneczny płomień",
		"Sonar": "Sonar",
		"SoulDrain": "Wyssanie życia",
		"Spelunker": "Grotołaz",
		"SpiderMinion": "Pająk",
		"Squashling": "Kabaczek",
		"StardustDragonMinion": "Smok pyłu gwiezdnego",
		"StardustGuardianMinion": "Strażnik pyłu gwiezdnego",
		"StardustMinion": "Ogniwo pyłu gwiezdnego",
		"StardustMinionBleed": "Zaogniwowanie",
		"StarInBottle": "Gwiazda w butelce",
		"Stinky": "Smrodek",
		"Stoned": "Kamień",
		"Suffocation": "Uduszenie",
		"Summoning": "Przyzywanie",
		"Sunflower": "Radość",
		"SuspiciousTentacle": "Podejrzanie wyglądające oko",
		"Swiftness": "Szybkość",
		"TheTongue": "Jęzor",
		"Thorns": "Kolce",
		"TikiSpirit": "Duch tiki",
		"Tipsy": "Podchmielenie",
		"Titan": "Tytan",
		"TurtleMount": "Żółw-wierzchowiec",
		"TwinEyesMinion": "Bliźnięta",
		"UFOMinion": "UFO",
		"UFOMount": "UFO-wierzchowiec",
		"UnicornMount": "Jednorożec-wierzchowiec",
		"Venom": "Jad",
		"VortexDebuff": "Zakrzywienie",
		"Warmth": "Ciepło",
		"WaterCandle": "Wodna świeca",
		"WaterWalking": "Wodny krok",
		"Weak": "Słabość",
		"WeaponImbueConfetti": "Nasycenie broni: konfetti",
		"WeaponImbueCursedFlames": "Nasycenie broni: przeklęte płomienie",
		"WeaponImbueFire": "Nasycenie broni: ogień",
		"WeaponImbueGold": "Nasycenie broni: złoto",
		"WeaponImbueIchor": "Nasycenie broni: ichor",
		"WeaponImbueNanites": "Nasycenie broni: nanity",
		"WeaponImbuePoison": "Nasycenie broni: trucizna",
		"WeaponImbueVenom": "Nasycenie broni: jad",
		"Webbed": "Pajęczyna",
		"WellFed": "Najedzenie",
		"Werewolf": "Wilkołak",
		"Wet": "Ociekanie",
		"WindPushed": "Potężny wiatr",
		"Wisp": "Błędny ognik",
		"WitheredArmor": "Zniszczony pancerz",
		"WitheredWeapon": "Zniszczona broń",
		"Wrath": "Gniew",
		"ZephyrFish": "Ryba zefiru"
	},
	"MapObject": {
		"Adamantite": "Adamantyt",
		"AnimalSkin": "Skóra zwierzęcia",
		"Anvil": "Kowadło",
		"Banner": "Sztandar",
		"BeeHive": "Ul",
		"Chair": "Krzesło",
		"Chandelier": "Żyrandol",
		"Chlorophyte": "Zielenica",
		"ChristmasLight": "Światełko choinkowe",
		"Cobalt": "Kobalt",
		"Copper": "Miedź",
		"CrimsonAltar": "Szkarłatny ołtarz",
		"Crimtane": "Szkarłat",
		"DemonAltar": "Demoniczny ołtarz",
		"Demonite": "Demonit",
		"Door": "Drzwi",
		"DrippingHoney": "Cieknący miód",
		"DrippingLava": "Cieknąca lawa",
		"DrippingWater": "Cieknąca woda",
		"FloorLamp": "Lampa podłogowa",
		"Fossil": "Skamielina",
		"GiantMushroom": "Wielki grzyb",
		"Gold": "Złoto",
		"Iron": "Żelazo",
		"ItemRack": "Stojak na przedmioty",
		"Lantern": "Lampa",
		"Larva": "Larwa",
		"Lead": "Ołów",
		"LivingWood": "Żyjące drewno",
		"MetalBar": "Metalowa sztabka",
		"Mythril": "Mithril",
		"OrangeSquirrelCage": "Klatka dla pomarańczowych wiewiórek",
		"Orichalcum": "Orichalcum",
		"Painting": "Obraz",
		"Palladium": "Paladium",
		"PalmTree": "Palma",
		"Picture": "Obrazek",
		"PineTree": "Sosna",
		"PlanterasBulb": "Cebulka Plantery",
		"Platinum": "Platyna",
		"Pot": "Garnek",
		"Rocket": "Rakieta",
		"SandFlow": "Przepływ piasku",
		"Sapling": "Drzewko",
		"SiltExtractinator": "Ekstraktator mułu",
		"Silver": "Srebro",
		"Sink": "Umywalka",
		"Statue": "Posąg",
		"Table": "Stół",
		"Thorn": "Kolec",
		"Thorns": "Kolce",
		"Timer": "Licznik",
		"Tin": "Cyna",
		"Titanium": "Tytan",
		"Trap": "Pułapka",
		"Tree": "Drzewo",
		"Trophy": "Trofeum",
		"Tungsten": "Tungsten",
		"Turret": "Wieżyczka",
		"Vase": "Wazon",
		"WaterFountain": "Fontanna",
		"Web": "Pajęczyna"
	},
	"ChatCommand": {
		"Playing_0": "{$LegacyMultiplayer.6}",
		"Playing_1": "{$LegacyMultiplayer.21}",
		"Roll": "{$LegacyMultiplayer.8}",
		"Party": "/d",
		"Emote": "/ja"
	}
}