{
	"ProjectileName": {
		"AdamantiteChainsaw": "Adamantytowa piła łańcuchowa",
		"AdamantiteDrill": "Adamantytowy świder",
		"AdamantiteGlaive": "Adamantytowa glewia",
		"Amarok": "Jojo",
		"AmberBolt": "Bursztynowy pocisk",
		"AmethystBolt": "Ametystowy pocisk",
		"Anchor": "Kotwica",
		"AncientDoomProjectile": "Koniec proroctwa",
		"AntiGravityHook": "Hak antygrawitacyjny",
		"Arkhalis": "Arkhalis",
		"AshBallFalling": "Kula popiołu",
		"BabyDino": "Młody dinozaur",
		"BabyEater": "Młody pożeracz",
		"BabyFaceMonster": "Młody pyskostwór",
		"BabyGrinch": "Młody grinch",
		"BabyHornet": "Młody szerszeń",
		"BabySkeletronHead": "Głowa szkieletrona",
		"BabySlime": "Młody szlam",
		"BabySnowman": "Młody bałwan",
		"BabySpider": "Młody pająk",
		"BallofFire": "Kula ognia",
		"BallofFrost": "Kula mrozu",
		"BallOHurt": "Młoda kula bólu",
		"Bananarang": "Bananarang",
		"Bat": "Nietoperz",
		"BatHook": "Hak nietoperzowy",
		"BeachBall": "Piłka plażowa",
		"Bee": "Pszczoła",
		"BeeArrow": "Pszczela strzała",
		"BeeHive": "Ul",
		"Beenade": "Pszczeli granat",
		"BlackBolt": "Onyksowy blaster",
		"BlackCat": "Czarny kot",
		"BlackCounterweight": "Przeciwwaga",
		"Blizzard": "Zamieć",
		"BloodCloudMoving": "KEY_ProjectileID.BloodCloudRaining}",
		"BloodCloudRaining": "Krwawa chmura",
		"BloodRain": "Krwawy deszcz",
		"BloodWater": "Krwawa woda",
		"BloodyMachete": "Krwawa maczeta",
		"BlowupSmoke": "Dym po wybuchu",
		"BlowupSmokeMoonlord": "Dym po wybuchu",
		"BlueCounterweight": "Przeciwwaga",
		"BlueFairy": "Niebieski duszek",
		"BlueFlare": "Niebieska flara",
		"BlueMoon": "Niebieski księżyc",
		"BobberFiberglass": "Spławik",
		"BobberFisherOfSouls": "Spławik",
		"BobberFleshcatcher": "Spławik",
		"BobberGolden": "Spławik",
		"BobberHotline": "Spławik",
		"BobberMechanics": "Spławik",
		"BobberReinforced": "Spławik",
		"BobbersittingDuck": "Spławik",
		"BobberWooden": "Spławik",
		"Bomb": "Bomba",
		"BombFish": "Bombowa ryba",
		"BombSkeletronPrime": "Bomba",
		"Bone": "Kość",
		"BoneArrow": "Kościana strzała",
		"BoneArrowFromMerchant": "Kościana strzała",
		"BoneDagger": "Kościany sztylet",
		"BoneGloveProj": "Xość",
		"BoneJavelin": "Kościany oszczep",
		"Boulder": "Głaz",
		"BoulderStaffOfEarth": "Głaz",
		"BouncyBomb": "Skacząca bomba",
		"BouncyDynamite": "Skaczący dynamit",
		"BouncyGlowstick": "Skaczący świetlik",
		"BouncyGrenade": "Skaczący granat",
		"BoxingGlove": "Rękawica bokserska",
		"BrainOfConfusion": "Mózg chaosu",
		"BrainScramblerBolt": "Pocisk mąciciela",
		"Bubble": "Bańka",
		"Bullet": "Kula",
		"BulletDeadeye": "Kula",
		"BulletHighVelocity": "Kula",
		"BulletSnowman": "Kula",
		"Bunny": "Króliczek",
		"ButchersChainsaw": "Piła łańcuchowa rzeźnika",
		"CandyCaneHook": "Cukierkowy hak",
		"CandyCorn": "Cukierkowa kukurydza",
		"CannonballFriendly": "Kula armatnia",
		"CannonballHostile": "Kula armatnia",
		"Cascade": "Jojo",
		"ChainGuillotine": "Gilotyna łańcuchowa",
		"ChainKnife": "Nóż łańcuchowy",
		"ChargedBlasterCannon": "Naładowany blaster armatni",
		"ChargedBlasterLaser": "Naładowany blaster laserowy",
		"ChargedBlasterOrb": "Naładowany blaster kulowy",
		"Chik": "Jojo",
		"ChlorophyteArrow": "Zielenicowa strzała",
		"ChlorophyteBullet": "Kula",
		"ChlorophyteChainsaw": "Zielenicowa piła łańcuchowa",
		"ChlorophyteDrill": "Zielenicowy świder",
		"ChlorophyteJackhammer": "Zielenicowy młot pneumatyczny",
		"ChlorophyteOrb": "Zielenicowa kula",
		"ChlorophytePartisan": "Zielenicowa partyzana",
		"ChristmasHook": "Świąteczny hak",
		"ClingerStaff": "Przeklęte płomienie",
		"ClothiersCurse": "Czaszka",
		"CobaltChainsaw": "Kobaltowa piła łańcuchowa",
		"CobaltDrill": "Kobaltowy świder",
		"CobaltNaginata": "Kobaltowa naginata",
		"Code1": "Jojo",
		"Code2": "Jojo",
		"CoinPortal": "Portal monetowy",
		"CompanionCube": "Kostka towarzysza",
		"ConfettiGun": "Konfetti",
		"ConfettiMelee": "Konfetti",
		"CopperCoin": "Miedziana moneta",
		"CopperCoinsFalling": "Miedziane monety",
		"CorruptSpray": "Rozpylacz zepsucia",
		"CorruptYoyo": "Jojo",
		"CrimsandBallFalling": "Szkarłatna kula",
		"CrimsandBallGun": "Szkarłatna kula",
		"CrimsonHeart": "Szkarłatne serce",
		"CrimsonSpray": "Szkarłatny rozpylacz",
		"CrimsonYoyo": "Jojo",
		"CrossGraveMarker": "Nagrobek",
		"CrystalBullet": "Kryształowa kula",
		"CrystalDart": "Kryształowa strzałka",
		"CrystalLeaf": "Kryształowy liść",
		"CrystalLeafShot": "Kryształowy liść",
		"CrystalPulse": "Kryształowy ładunek",
		"CrystalPulse2": "Kryształowy ładunek",
		"CrystalShard": "Kryształowy odłamek",
		"CrystalStorm": "Kryształowa burza",
		"CrystalVileShardHead": "Plugawy, kryształowy odłamek",
		"CrystalVileShardShaft": "Plugawy, kryształowy odłamek",
		"Cthulunado": "Cthulunado",
		"CultistBossFireBall": "Kula ognia",
		"CultistBossFireBallClone": "Ognista kula cienia",
		"CultistBossIceMist": "Lodowa mgła",
		"CultistBossLightningOrb": "Kula błyskawic",
		"CultistBossLightningOrbArc": "Łuk błyskawic",
		"CultistBossParticle": "Energia",
		"CultistRitual": "Rytuał piorunów",
		"CursedArrow": "Przeklęta strzała",
		"CursedBullet": "Przeklęta kula",
		"CursedDart": "Przeklęta strzałka",
		"CursedDartFlame": "Przeklęty płomień",
		"CursedFlameFriendly": "Przeklęty płomień",
		"CursedFlameHostile": "Przeklęty płomień",
		"CursedSapling": "Przeklęte drzewko",
		"DangerousSpider": "Niebezpieczny pająk",
		"DarkLance": "Mroczna lanca",
		"Daybreak": "Świt",
		"DD2FlameBurstTowerT1": "Ognista wieża",
		"DD2FlameBurstTowerT1Shot": "Ognista wieża",
		"DD2FlameBurstTowerT2": "Ognista wieża",
		"DD2FlameBurstTowerT2Shot": "Ognista wieża",
		"DD2FlameBurstTowerT3": "Ognista wieża",
		"DD2FlameBurstTowerT3Shot": "Ognista wieża",
		"DD2JavelinHostile": "Oszczep",
		"DeadlySphere": "Zabójcza kula",
		"DeathLaser": "Zabójczy laser",
		"DeathSickle": "Zabójczy sierp",
		"DemonScythe": "Demoniczna kosa",
		"DemonSickle": "Demoniczny sierp",
		"DesertDjinnCurse": "Przekleństwo ducha pustynnego",
		"DiamondBolt": "Diamentowy pocisk",
		"DirtBall": "Kula brudu",
		"DrillMountCrosshair": "Celownik świdra",
		"DrManFlyFlask": "Fiolka",
		"DryadsWardCircle": "Osłona driady",
		"DualHookBlue": "Hak",
		"DualHookRed": "Hak",
		"Dynamite": "Dynamit",
		"EatersBite": "Kąsek pożeracza",
		"EbonsandBallFalling": "Kula piasku ebonowego",
		"EbonsandBallGun": "Kula piasku ebonowego",
		"EighthNote": "Nuta",
		"Electrosphere": "Elektrosfera",
		"ElectrosphereMissile": "Pocisk elektrosfery",
		"EmeraldBolt": "Szmaragdowy pocisk",
		"EnchantedBeam": "Zaczarowany promień",
		"EnchantedBoomerang": "Zaczarowany bumerang",
		"ExplosiveBullet": "Wybuchowa kula",
		"ExplosiveBunny": "Wybuchowy królik",
		"Explosives": "Materiały wybuchowe",
		"EyeBeam": "Promień z oczu",
		"EyeFire": "Ogień z oczu",
		"EyeLaser": "Laser z oczu",
		"EyeSpring": "Nerw oczny",
		"FallingStar": "Spadająca gwiazda",
		"FireArrow": "Strzała ognia",
		"Fireball": "Kula ognia",
		"FireworkFountainBlue": "Fontanna fajerwerków",
		"FireworkFountainRainbow": "Fontanna fajerwerków",
		"FireworkFountainRed": "Fontanna fajerwerków",
		"FireworkFountainYellow": "Fontanna fajerwerków",
		"FishHook": "Hak na ryby",
		"Flairon": "Rybocep",
		"FlaironBubble": "Bańka rybocepa",
		"Flamarang": "Ogniorang",
		"Flamelash": "Ognik",
		"Flames": "Płomienie",
		"FlamesTrap": "Płomienie",
		"FlamethrowerTrap": "Miotacz płomieni",
		"FlamingArrow": "Ognista strzała",
		"FlamingJack": "Ognisty Jack",
		"FlamingScythe": "Ognista kosa",
		"FlamingWood": "Płonące drewno",
		"Flare": "Flara",
		"FlowerPetal": "Płatek kwiatka",
		"FlowerPow": "Flower Pow",
		"FlowerPowPetal": "Flower Pow",
		"FlyingImp": "Latający diablik",
		"FlyingKnife": "Latający nóż",
		"FlyingPiggyBank": "Latająca świnka skarbonka",
		"FormatC": "Jojo",
		"FoulPotion": "Obrzydliwa mikstura",
		"FrostArrow": "Mroźna strzała",
		"FrostBeam": "Mroźny promień",
		"FrostBlastFriendly": "Mroźny wybuch",
		"FrostBlastHostile": "Mroźny wybuch",
		"FrostBoltStaff": "Mroźny pocisk",
		"FrostBoltSword": "Mroźny pocisk",
		"FrostburnArrow": "Strzała mrozognia",
		"FrostDaggerfish": "Mroźna ryba-piła",
		"FrostHydra": "Mroźna hydra",
		"FrostShard": "Mroźny odłamek",
		"FrostWave": "Mroźna fala",
		"FruitcakeChakram": "Czakram z ciasta owocowego",
		"GemHookAmethyst": "Hak z klejnotów",
		"GemHookDiamond": "Hak z klejnotów",
		"GemHookEmerald": "Hak z klejnotów",
		"GemHookRuby": "Hak z klejnotów",
		"GemHookSapphire": "Hak z klejnotów",
		"GemHookTopaz": "Hak z klejnotów",
		"GeyserTrap": "Gejzer",
		"GiantBee": "Pszczoła",
		"GigaZapperSpear": "Grot gigamiotacza",
		"Glowstick": "Świetlik",
		"GoldCoin": "Złota moneta",
		"GoldCoinsFalling": "Złote monety",
		"GoldenBullet": "Złota kula",
		"GoldenShowerFriendly": "Złoty deszcz",
		"GoldenShowerHostile": "Złoty deszcz",
		"GolemFist": "Pięść golema",
		"Gradient": "Jojo",
		"GraveMarker": "Nagrobek",
		"Gravestone": "Nagrobek",
		"GreekFire1": "Ogień grecki",
		"GreekFire2": "Ogień grecki",
		"GreekFire3": "Ogień grecki",
		"GreenCounterweight": "Przeciwwaga",
		"GreenFairy": "Różowy duszek",
		"GreenLaser": "Zielony laser",
		"Grenade": "Granat",
		"GrenadeI": "Granat",
		"GrenadeII": "Granat",
		"GrenadeIII": "Granat",
		"GrenadeIV": "Granat",
		"Gungnir": "Gungnir",
		"HallowSpray": "Bajkowy rozpylacz",
		"HallowStar": "Bajkowa gwiazda",
		"Hamdrax": "Hamdrax",
		"HappyBomb": "Wesoła bomba",
		"Harpoon": "Harpun",
		"HarpyFeather": "Pióro harpii",
		"Headstone": "Nagrobek",
		"HeatRay": "Promień ciepła",
		"HelFire": "Jojo",
		"HellfireArrow": "Strzała piekielnego ognia",
		"Hellwing": "Piekielne skrzydło",
		"HolyArrow": "Strzała święcona",
		"HolyWater": "Woda święcona",
		"Hook": "Hak",
		"Hornet": "Szerszeń",
		"HornetStinger": "Żądło szerszenia",
		"IceBlock": "Blok lodu",
		"IceBolt": "Lodowy pocisk",
		"IceBoomerang": "Lodowy bumerang",
		"IceSickle": "Lodowy sierp",
		"IceSpike": "Lodowy kolec",
		"IcewaterSpit": "Lodowata plujka",
		"IchorArrow": "Strzała ichoru",
		"IchorBullet": "Kula ichoru",
		"IchorDart": "Strzałka ichoru",
		"IchorSplash": "Chlust ichoru",
		"IlluminantHook": "Hak",
		"ImpFireball": "Kula ognia diablika",
		"InfernoFriendlyBlast": "Inferno",
		"InfernoFriendlyBolt": "Inferno",
		"InfernoHostileBlast": "Inferno",
		"InfernoHostileBolt": "Inferno",
		"InfluxWaver": "Przełamanie oporu",
		"IvyWhip": "Bicz z bluszczu",
		"JackOLantern": "Jack 'O Lantern",
		"JavelinFriendly": "Oszczep",
		"JavelinHostile": "Oszczep",
		"JestersArrow": "Strzała błazna",
		"JumperSpider": "Pająk-skoczek",
		"JungleSpike": "Kolec z dżungli",
		"JungleYoyo": "Jojo",
		"Kraken": "Jojo",
		"Landmine": "Mina lądowa",
		"LaserDrill": "Świder laserowy",
		"LaserMachinegun": "Laserowy karabin maszynowy",
		"LaserMachinegunLaser": "Laser",
		"LastPrism": "Ostatni pryzmat",
		"LastPrismLaser": "Ostatni pryzmat",
		"Leaf": "Liść",
		"LightBeam": "Świetlisty promień",
		"LightDisc": "Świetlisty dysk",
		"LostSoulFriendly": "Zagubiona dusza",
		"LostSoulHostile": "Zagubiona dusza",
		"LovePotion": "Mikstura miłości",
		"LunarFlare": "Flara księżycowa",
		"LunarHookNebula": "Hak księżycowy",
		"LunarHookSolar": "Hak księżycowy",
		"LunarHookStardust": "Hak księżycowy",
		"LunarHookVortex": "Hak księżycowy",
		"MagicDagger": "Magiczny sztylet",
		"MagicLantern": "Magiczna lampa",
		"MagicMissile": "Magiczny pocisk",
		"MagnetSphereBall": "Sfera magnetyczna",
		"MagnetSphereBolt": "Sfera magnetyczna",
		"MartianTurretBolt": "Elektryczny pocisk",
		"MartianWalkerLaser": "Promień laserowy",
		"MechanicalPiranha": "Mechaniczna pirania",
		"MechanicWrench": "Klucz mechanika",
		"MedusaHead": "Promień meduzy",
		"MedusaHeadRay": "Promień meduzy",
		"Meowmere": "Kotomiecz",
		"Meteor1": "Meteor",
		"Meteor2": "Meteor",
		"Meteor3": "Meteor",
		"MeteorShot": "Kula z meteoru",
		"MinecartMechLaser": "Laser wózka górniczego",
		"MiniMinotaur": "Miniminotaur",
		"MiniRetinaLaser": "Minilaser oczny",
		"MiniSharkron": "Minismokin",
		"Missile": "Pocisk",
		"MolotovCocktail": "Koktajl Mołotowa",
		"MolotovFire": "Ogień Mołotowa",
		"MolotovFire2": "Ogień Mołotowa",
		"MolotovFire3": "Ogień Mołotowa",
		"MoonLeech": "Księżycowa pijawka",
		"MoonlordArrow": "Luminytowa strzała",
		"MoonlordArrowTrail": "Luminytowa strzała",
		"MoonlordBullet": "Luminytowa kula",
		"MoonlordTurret": "Księżycowy portal",
		"MoonlordTurretLaser": "Laser księżycowego portalu",
		"MudBall": "Kula błota",
		"Mushroom": "Grzyb",
		"MushroomSpear": "Włócznia grzybowa",
		"MushroomSpray": "Rozpylacz grzybowy",
		"MythrilChainsaw": "Mithrilowa piła łańcuchowa",
		"MythrilDrill": "Mithrilowy świder",
		"MythrilHalberd": "Mithrilowa halabarda",
		"Nail": "Gwóźdź",
		"NailFriendly": "Gwóźdź",
		"NanoBullet": "Nanokula",
		"NebulaArcanum": "Arkanum mgławicy",
		"NebulaArcanumExplosionShot": "Arkanum mgławicy",
		"NebulaArcanumExplosionShotShard": "Arkanum mgławicy",
		"NebulaArcanumSubshot": "Arkanum mgławicy",
		"NebulaBlaze1": "Wybuch mgławicy",
		"NebulaBlaze2": "Wybuch mgławicy plus",
		"NebulaBolt": "Wiertak mgławicy",
		"NebulaChainsaw": "Piła łańcuchowa mgławicy",
		"NebulaDrill": "Świder mgławicy",
		"NebulaEye": "Oko mgławicy",
		"NebulaLaser": "Laser mgławicy",
		"NebulaSphere": "Kula mgławicy",
		"NettleBurstEnd": "Wybuch pokrzywy",
		"NettleBurstLeft": "Wybuch pokrzywy",
		"NettleBurstRight": "Wybuch pokrzywy",
		"NightBeam": "Nocny promień",
		"None": "",
		"NorthPoleSnowflake": "Biegun północny",
		"NorthPoleSpear": "Biegun północny",
		"NorthPoleWeapon": "Biegun północny",
		"NurseSyringeHeal": "Strzykawka",
		"NurseSyringeHurt": "Strzykawka",
		"Obelisk": "Nagrobek",
		"ObsidianSwordfish": "Obsydianowy miecznik",
		"OneEyedPirate": "Jednooki pirat",
		"OrichalcumChainsaw": "Piła łańcuchowa z orichalcum",
		"OrichalcumDrill": "Świder z orichalcum",
		"OrichalcumHalberd": "Halabarda z olicharcum",
		"OrnamentFriendly": "Ozdoba",
		"OrnamentHostile": "Ozdoba",
		"OrnamentHostileShrapnel": "Ozdoba",
		"PainterPaintball": "Paintballowa kulka",
		"PaladinsHammerFriendly": "Młot paladyna",
		"PaladinsHammerHostile": "Młot paladyna",
		"PalladiumChainsaw": "Piła łańcuchowa z paladium",
		"PalladiumDrill": "Świder z paladium",
		"PalladiumPike": "Kolec z paladium",
		"Parrot": "Papuga",
		"PartyBullet": "Kula imprezowa",
		"PartyGirlGrenade": "Granat konfetti",
		"PearlSandBallFalling": "Kula piasku perłowego",
		"PearlSandBallGun": "Kula piasku perłowego",
		"Penguin": "Pingwin",
		"PetLizard": "Jaszczurka-chowaniec",
		"Phantasm": "Fantazmat",
		"PhantasmalBolt": "Pocisk fantazmatyczny",
		"PhantasmalDeathray": "Fantazmatyczny promień śmierci",
		"PhantasmalEye": "Fantazmatyczne oko",
		"PhantasmalSphere": "Fantazmatyczna sfera",
		"PhantasmArrow": "Fantazmat",
		"PhasicWarpDisc": "",
		"PhasicWarpEjector": "",
		"PineNeedleFriendly": "Igła sosnowa",
		"PineNeedleHostile": "Igła sosnowa",
		"PinkFairy": "Różowy duszek",
		"PinkLaser": "Różowy laser",
		"PirateCaptain": "Kapitan piratów",
		"PlatinumCoin": "Platynowa moneta",
		"PlatinumCoinsFalling": "Platynowe monety",
		"PoisonDart": "Zatruta strzałka",
		"PoisonDartBlowgun": "Zatruta strzałka",
		"PoisonDartTrap": "Zatruta strzałka",
		"PoisonedKnife": "Zatruty nóż",
		"PoisonFang": "Zatruty kieł",
		"PoisonSeedPlantera": "Zatrute nasienie",
		"PortalGun": "Pistolet portalu",
		"PortalGunBolt": "Pocisk portalu",
		"PortalGunGate": "Brama portalu",
		"PossessedHatchet": "Opętany topór",
		"Present": "Prezent",
		"ProximityMineI": "Mina zbliżeniowa",
		"ProximityMineII": "Mina zbliżeniowa",
		"ProximityMineIII": "Mina zbliżeniowa",
		"ProximityMineIV": "Mina zbliżeniowa",
		"PulseBolt": "Pulsujący pocisk",
		"Puppy": "Szczeniak",
		"PureSpray": "Czysty rozpylacz",
		"PurificationPowder": "Proszek oczyszczający",
		"PurpleCounterweight": "Przeciwwaga",
		"PurpleLaser": "Fioletowy laser",
		"Pygmy": "Pigmej",
		"Pygmy2": "Pigmej",
		"Pygmy3": "Pigmej",
		"Pygmy4": "Pigmej",
		"PygmySpear": "Pigmej",
		"QuarterNote": "Nuta",
		"RainbowBack": "Tęcza",
		"RainbowCrystal": "Kryształ tęczowy",
		"RainbowCrystalExplosion": "Tęczowy wybuch",
		"RainbowFront": "Tęcza",
		"RainbowRodBullet": "Tęcza",
		"RainCloudMoving": "Chmura deszczowa",
		"RainCloudRaining": "Chmura deszczowa",
		"RainFriendly": "Deszcz",
		"RainNimbus": "Deszcz",
		"Rally": "Jojo",
		"Raven": "Kruk",
		"RayGunnerLaser": "Promień laserowy",
		"RedCounterweight": "Przeciwwaga",
		"RedsYoyo": "Jojo",
		"Retanimini": "Retanimini",
		"RichGravestone1": "Nagrobek",
		"RichGravestone2": "Nagrobek",
		"RichGravestone3": "Nagrobek",
		"RichGravestone4": "Nagrobek",
		"RichGravestone5": "Nagrobek",
		"RocketFireworkBlue": "Rakieta",
		"RocketFireworkGreen": "Rakieta",
		"RocketFireworkRed": "Rakieta",
		"RocketFireworksBoxBlue": "Rakieta",
		"RocketFireworksBoxGreen": "Rakieta",
		"RocketFireworksBoxRed": "Rakieta",
		"RocketFireworksBoxYellow": "Rakieta",
		"RocketFireworkYellow": "Rakieta",
		"RocketI": "Rakieta",
		"RocketII": "Rakieta",
		"RocketIII": "Rakieta",
		"RocketIV": "Rakieta",
		"RocketSkeleton": "Rakieta",
		"RocketSnowmanI": "Rakieta",
		"RocketSnowmanII": "Rakieta",
		"RocketSnowmanIII": "Rakieta",
		"RocketSnowmanIV": "Rakieta",
		"RopeCoil": "Zwinięta lina",
		"RottenEgg": "Zgniłe jajo",
		"RubyBolt": "Rubinowy pocisk",
		"RuneBlast": "Wybuch runiczny",
		"SalamanderSpit": "Zatruta plujka",
		"SandBallFalling": "Kula piaskowa",
		"SandBallGun": "Kula piaskowa",
		"SandnadoFriendly": "Pradawna burza",
		"SandnadoHostile": "Pradawna burza",
		"SandnadoHostileMark": "Pradawna burza",
		"SantaBombs": "Ozdoba świąteczna",
		"Sapling": "Drzewko",
		"SapphireBolt": "Szafirowy pocisk",
		"SaucerDeathray": "Marsjański promień śmierci",
		"SaucerLaser": "Laser spodka",
		"SaucerMissile": "Rakieta marsjańska",
		"SaucerScrap": "Część spodka",
		"SawtoothShark": "Rekin piłokształtny",
		"ScutlixLaser": "Laser",
		"ScutlixLaserCrosshair": "Celownik scutlixa",
		"ScutlixLaserFriendly": "Laser scutlixa",
		"Seed": "Nasienie",
		"SeedlerNut": "Siewca",
		"SeedlerThorn": "Siewca",
		"SeedPlantera": "Nasienie",
		"ShadowBeamFriendly": "Promień cienia",
		"ShadowBeamHostile": "Promień cienia",
		"ShadowFlame": "Cienisty płomień",
		"ShadowFlameArrow": "Strzała cienistego płomienia",
		"ShadowFlameKnife": "Nóż cienistego płomienia",
		"Shadowflames": "Cieniste płomienie",
		"ShadowOrb": "Kula cienia",
		"Sharknado": "Rekinado",
		"SharknadoBolt": "Pocisk rekinada",
		"Shuriken": "Shuriken",
		"SilkRopeCoil": "Zwinięta lina",
		"SiltBall": "Kula mułu",
		"SilverCoin": "Srebrna moneta",
		"SilverCoinsFalling": "Srebrne monety",
		"SkeletonBone": "Kość",
		"SkeletronHand": "Ręka szkieletrona",
		"Skull": "Czaszka",
		"SkyFracture": "Rozdarcie nieba",
		"SlimeGun": "Pistolet szlamowy",
		"SlimeHook": "Hak szlamowy",
		"SlushBall": "Kula brei",
		"SmokeBomb": "Bomba dymna",
		"SniperBullet": "Kula snajperska",
		"SnowBallFriendly": "Śnieżka",
		"SnowBallHostile": "Śnieżka",
		"SolarCounter": "Blask słoneczny",
		"SolarFlareChainsaw": "Piła łańcuchowa słonecznej flary",
		"SolarFlareDrill": "Świder słonecznej flary",
		"SolarFlareRay": "Flara słoneczna",
		"SolarWhipSword": "Wybuch słoneczny",
		"SolarWhipSwordExplosion": "Wybuch słoneczny",
		"SoulDrain": "Wyssanie duszy",
		"SoulscourgePirate": "Pirat-duszołap",
		"Spark": "Iskra",
		"Spazmamini": "Spazmamini",
		"Spear": "Włócznia",
		"SpearTrap": "Włócznia",
		"SpectreWrath": "Gniew upiora",
		"SpelunkerGlowstick": "Świetlik grotołaza",
		"Spider": "Pająk",
		"SpiderEgg": "Pajęcze jajo",
		"SpiderHiver": "Pajęcza wieżyczka",
		"Spike": "Kolec",
		"SpikedSlimeSpike": "Kolec szlamowy",
		"SpikyBall": "Kolczatka",
		"SpikyBallTrap": "Kolczatka",
		"SpiritFlame": "Duchowy płomień",
		"SpiritHeal": "Duchowe leczenie",
		"SporeCloud": "Chmura zarodników",
		"SporeGas": "Zarodnik",
		"SporeGas2": "Zarodnik",
		"SporeGas3": "Zarodnik",
		"SporeTrap": "Zarodnik",
		"SporeTrap2": "Zarodnik",
		"Squashling": "Kabaczek",
		"Stake": "Kołek",
		"StarAnise": "Badian",
		"StardustCellMinion": "Ogniwo pyłu gwiezdnego",
		"StardustCellMinionShot": "Ogniwo pyłu gwiezdnego",
		"StardustChainsaw": "Piła łańcuchowa pyłu gwiezdnego",
		"StardustDragon1": "Smok pyłu gwiezdnego",
		"StardustDragon2": "Smok pyłu gwiezdnego",
		"StardustDragon3": "Smok pyłu gwiezdnego",
		"StardustDragon4": "Smok pyłu gwiezdnego",
		"StardustDrill": "Świder pyłu gwiezdnego",
		"StardustGuardian": "Strażnik pyłu gwiezdnego",
		"StardustGuardianExplosion": "Gwiezdny wybuch",
		"StardustJellyfishSmall": "Najeźdźca pływów",
		"StardustSoldierLaser": "Laser pyłu gwiezdnego",
		"StardustTowerMark": "Gwiezdny znak",
		"Starfury": "Gwiezdna furia",
		"StarWrath": "Gwiezdny gniew",
		"StaticHook": "Hak statyczny",
		"StickyBomb": "Lepka bomba",
		"StickyDynamite": "Lepki dynamit",
		"StickyGlowstick": "Lepki świetlik",
		"StickyGrenade": "Lepki granat",
		"Stinger": "Żądło",
		"Stynger": "Stynger",
		"StyngerShrapnel": "Stynger",
		"Sunfury": "Słoneczna furia",
		"SuspiciousTentacle": "Podejrzanie wyglądająca macka",
		"SwordBeam": "Promień z miecza",
		"Swordfish": "Miecznik",
		"Tempest": "Burza",
		"TendonHook": "Hak",
		"TerraBeam": "Terrapromień",
		"Terrarian": "Terrarian",
		"TerrarianBeam": "Terrarian",
		"TheDaoofPow": "Dao mocy",
		"TheEyeOfCthulhu": "Jojo",
		"TheMeatball": "Klopsik",
		"TheRottedFork": "Zbutwiałe widły",
		"ThornBall": "Kolczula",
		"ThornChakram": "Kolczy czakram",
		"ThornHook": "Hak",
		"ThrowingKnife": "Nóż do rzucania",
		"TiedEighthNote": "Nuta",
		"TikiSpirit": "Duch tiki",
		"TinyEater": "Mały pożeracz",
		"TitaniumChainsaw": "Tytanowa piła łańcuchowa",
		"TitaniumDrill": "Tytanowy świder",
		"TitaniumTrident": "Tytanowy trójząb",
		"Tombstone": "Nagrobek",
		"TopazBolt": "Topazowy pocisk",
		"TowerDamageBolt": "Uwolniona energia",
		"ToxicBubble": "Toksyczna bańka",
		"ToxicCloud": "Toksyczna chmura",
		"ToxicCloud2": "Toksyczna chmura",
		"ToxicCloud3": "Toksyczna chmura",
		"ToxicFlask": "Toksyczna butelka",
		"TrackHook": "Hak do wózka",
		"Trident": "Trójząb",
		"Truffle": "Trufla",
		"TruffleSpore": "Zarodnik trufli",
		"Turtle": "Żółw",
		"Twinkle": "Błysk",
		"Typhoon": "Tajfun",
		"UFOLaser": "Promień UFO",
		"UFOMinion": "UFO",
		"UnholyArrow": "Nieświęta strzała",
		"UnholyTridentFriendly": "Nieświęty trójząb",
		"UnholyTridentHostile": "Nieświęty trójząb",
		"UnholyWater": "Woda nieświęta",
		"ValkyrieYoyo": "Jojo",
		"Valor": "Jojo",
		"VampireHeal": "Wampirze życie",
		"VampireKnife": "Wampirzy nóż",
		"VenomArrow": "Jadowita strzała",
		"VenomBullet": "Jadowita kula",
		"VenomFang": "Jadowity kieł",
		"VenomSpider": "Jadowity pająk",
		"ViciousPowder": "Niecny proszek",
		"VilePowder": "Plugawy proszek",
		"VilethornBase": "Plugawy cierń",
		"VilethornTip": "Plugawy cierń",
		"VineRopeCoil": "Zwój pnącz",
		"VortexAcid": "Maź obcego",
		"VortexBeater": "Pogromca wirów",
		"VortexBeaterRocket": "Rakieta wirów",
		"VortexChainsaw": "Piła łańcuchowa wirów",
		"VortexDrill": "Świder wirów",
		"VortexLaser": "Laser wirów",
		"VortexLightning": "Błyskawica wirów",
		"VortexVortexLightning": "Wir",
		"VortexVortexPortal": "Wir",
		"Wasp": "Osa",
		"WaterBolt": "Pocisk wodny",
		"WaterGun": "Pistolet na wodę",
		"WaterStream": "Strumień wody",
		"Web": "Pajęczyna",
		"WebRopeCoil": "Zwinięta lina",
		"WebSpit": "Pajęcza plujka",
		"WireKite": "Kabel tu, kabel tam",
		"Wisp": "Błędny ognik",
		"WoodenArrowFriendly": "Drewniana strzała",
		"WoodenArrowHostile": "Drewniana strzała",
		"WoodenBoomerang": "Drewniany bumerang",
		"WoodHook": "Drewniany hak",
		"WoodYoyo": "Jojo",
		"WormHook": "Hak",
		"Xenopopper": "Bańkomiot",
		"Yelets": "Jojo",
		"YellowCounterweight": "Przeciwwaga",
		"ZephyrFish": "Ryba zefiru",
		"Ale": "Piwo",
		"ApprenticeStaffT3Shot": "Gniew Betsy",
		"BookStaffShot": "Księga nieskończonej mądrości",
		"DD2ApprenticeStorm": "Trąba powietrzna nieskończonej mądrości",
		"DD2BallistraProj": "Balista",
		"DD2BallistraTowerT1": "Balista",
		"DD2BallistraTowerT2": "Balista",
		"DD2BallistraTowerT3": "Balista",
		"DD2BetsyArrow": "Powietrzna zguba",
		"DD2BetsyFireball": "Kula ognia Betsy",
		"DD2BetsyFlameBreath": "Oddech Betsy",
		"DD2DarkMageBolt": "Mroczna energia",
		"DD2DarkMageHeal": "Mroczna pieczęć",
		"DD2DarkMageRaise": "Mroczna pieczęć",
		"DD2DrakinShot": "Drakin",
		"DD2ElderWins": "Ponury koniec",
		"DD2ExplosiveTrapT1": "Wybuchowa pułapka",
		"DD2ExplosiveTrapT1Explosion": "Wybuchowa pułapka",
		"DD2ExplosiveTrapT2": "Wybuchowa pułapka",
		"DD2ExplosiveTrapT2Explosion": "Wybuchowa pułapka",
		"DD2ExplosiveTrapT3": "Wybuchowa pułapka",
		"DD2ExplosiveTrapT3Explosion": "Wybuchowa pułapka",
		"DD2GoblinBomb": "Goblińska bomba",
		"DD2LightningAuraT1": "Elektryczna aura",
		"DD2LightningAuraT2": "Elektryczna aura",
		"DD2LightningAuraT3": "Elektryczna aura",
		"DD2LightningBugZap": "Niszczycielski pocisk",
		"DD2OgreSmash": "Tupnięcie ogra",
		"DD2OgreSpit": "Splunięcie ogra",
		"DD2OgreStomp": "Tupnięcie ogra",
		"DD2PetDragon": "Hoardagron",
		"DD2PetGato": "Gato-śmiglarz",
		"DD2PetGhost": "Nikły płomyk",
		"DD2PhoenixBow": "Widmowy feniks",
		"DD2PhoenixBowShot": "Widmowy feniks",
		"DD2SquireSonicBoom": "Solidne cięcie",
		"DD2Win": "Zwycięstwo!",
		"MonkStaffT1": "Śpiąca ośmiornica",
		"MonkStaffT1Explosion": "Uderzenie kijem",
		"MonkStaffT2": "Potworna glewia",
		"MonkStaffT2Ghast": "Upiór",
		"MonkStaffT3": "Furia niebiańskiego smoka",
		"MonkStaffT3_Alt": "Furia niebiańskiego smoka",
		"MonkStaffT3_AltShot": "Furia niebiańskiego smoka"
	}
}