{
	"LegacyWorldGen": {
		"0": "Gerando terreno do mundo",
		"10": "Gerando cavernas na superfície",
		"11": "Gerando selva",
		"12": "Gerando ilhas flutuantes",
		"13": "Adicionando terra com cogumelos",
		"14": "Posicionando lama na terra",
		"15": "Adicionando limo",
		"16": "Adicionando brilhantes",
		"17": "Adicionando teias",
		"18": "Criando submundo",
		"19": "Adicionando corpos d'água",
		"1": "Adicionando areia",
		"20": "Corrompendo o mundo",
		"21": "Gerando cavernas nas montanhas",
		"22": "Criando praias",
		"23": "Adicionando gemas",
		"24": "Gravitando areia",
		"25": "Removendo fundos de terra",
		"26": "Posicionando altares",
		"27": "Acomodando líquidos",
		"28": "Posicionando cristais da vida",
		"29": "Posicionando estátuas",
		"2": "Gerando colinas",
		"30": "Escondendo tesouros",
		"31": "Escondendo mais tesouros",
		"32": "Escondendo tesouros na selva",
		"33": "Escondendo tesouros na água",
		"34": "Posicionando armadilhas",
		"35": "Posicionando itens quebráveis",
		"36": "Posicionando forjas infernais",
		"37": "Espalhando grama",
		"38": "Cultivando cactos",
		"39": "Plantando girassóis",
		"3": "Jogando terra atrás de terra",
		"40": "Plantando árvores",
		"41": "Plantando ervas",
		"42": "Plantando ervas daninhas",
		"43": "Cultivando vinhas",
		"44": "Plantando flores",
		"45": "Plantando cogumelos",
		"46": "Liberando recursos não utilizados",
		"47": "Redefinindo objetos do jogo",
		"48": "Configurando modo difícil",
		"49": "Salvando dados do mundo",
		"4": "Posicionando pedras na terra",
		"50": "Fazendo a cópia de segurança dos arquivos do mundo",
		"51": "Carregando dados do mundo",
		"52": "Verificando alinhamento de peças",
		"53": "Falha no carregamento!",
		"54": "Nenhum backup encontrado.",
		"55": "Encontrando molduras de peças",
		"56": "Adicionando neve",
		"57": "Mundo",
		"58": "Criando calabouço",
		"59": "Um meteorito caiu!",
		"5": "Posicionando terra nas pedras",
		"60": "Nivelando o mundo",
		"61": "Criando musgo",
		"62": "Criando pedras preciosas",
		"63": "Criando cavernas",
		"64": "Aumentando as cavernas de aranhas",
		"65": "Limpando os dados do mapa:",
		"66": "Salvando os dados do mapa:",
		"67": "Carregando os dados do mapa:",
		"68": "Desenhando o mapa:",
		"69": "Criando cachoeiras",
		"6": "Adicionando argila",
		"70": "Criando ruínas na selva",
		"71": "Criando ninhos de vespas",
		"72": "Ensanguentando o mundo",
		"73": "Validando o mundo salvo:",
		"74": "A geleia está caindo do céu!",
		"75": "A geleia parou de cair do céu.",
		"76": "Gerando estruturas.",
		"77": "Adicionando mais grama",
		"78": "Criando desertos",
		"79": "Decorando paredes",
		"7": "Criando buracos aleatórios",
		"80": "Polindo o mármore",
		"81": "Criando granito",
		"8": "Gerando cavernas pequenas",
		"9": "Gerando cavernas grandes"
	},
	"LegacyDialog": {
		"1": "Espero que um magricela como você não seja a única coisa entre nós e o Olho de Cthulhu.",
		"10": "Olhe os meus blocos de terra. Eles estão bem sujos.",
		"100": "Por que purificar o mundo quando você pode simplesmente explodir tudo?",
		"101": "Se você arremessar na banheira e fechar todas as janelas, vai acabar com sua sinusite e você vai até ouvir melhor!",
		"102": "Quer brincar de Fracote do pavio?",
		"103": "Ei, você poderia assinar este Atestado de apelação?",
		"104": "É PROIBIDO FUMAR AQUI DENTRO!!",
		"105": "Explosivos estão bombando hoje em dia.  Compre alguns agora!",
		"106": "É uma boa maneira de se morrer!",
		"107": "O que será que aconteceria se... (BUM!)... Ah, desculpa, você precisava daquela perna?",
		"108": "Dinamite, minha cura especial para todos os problemas.",
		"109": "Olha só minhas mercadorias. É uma explosão de ofertas!",
		"11": "Rapaz, o Sol está quente! Eu tenho uma armadura com ventilação perfeita.",
		"110": "Eu continuo tendo vagas memórias onde amarro uma mulher e a arremesso em um calabouço.",
		"111": "... temos um problema! A lua de sangue está brilhando hoje!",
		"112": "Se eu fosse mais jovem, convidaria a {Nurse} para sair. Eu era um belo garanhão.",
		"113": "Aquele seu chapéu vermelho parece familiar...",
		"114": "Obrigado mais uma vez por me libertar de minha maldição. A impressão que tive foi de que algo pulou e me mordeu.",
		"115": "Mamãe sempre disse que eu seria um ótimo alfaiate.",
		"116": "A vida é como uma caixa de roupas. Ninguém sabe o que vai vestir!",
		"117": "Claro que o bordado é difícil! Se não fosse, ninguém o faria! É por isso que ele é o máximo.",
		"118": "Eu sei tudo sobre o ramo da alfaiataria.",
		"119": "Ter uma maldição significa viver uma vida solitária, por isso cheguei a criar um amigo de couro. Eu o chamava de Wilson.",
		"12": "O Sol alto sobre nossas cabeças, mas meus preços continuam baixos.",
		"120": "Obrigado por me libertar, humano.  Os outros goblins me amarraram e me deixaram aqui.  Pode-se dizer que nós não nos dávamos muito bem.",
		"121": "Não acredito que me amarraram e me deixaram aqui só por ter falado que eles não estavam seguindo na direção leste!",
		"122": "Depois que me expulsaram, posso jogar fora as bolas com espinhos? Meus bolsos doem.",
		"123": "Procurando por um mestre em geringonças? Eu sou o seu goblin!",
		"124": "Obrigado pela ajuda. Agora tenho que terminar de caminhar sem destino aqui. Tenho certeza que nos encontraremos novamente.",
		"125": "Achei que você fosse mais alto.",
		"126": "Ei... o que {Mechanic} está fazendo? Você... você por acaso falou com ela?",
		"127": "Ei, seu chapéu precisa de um motor? Acho que tenho um motor que encaixaria perfeitamente esse chapéu.",
		"128": "Ei, ouvi dizer que você gosta de foguetes e de botas para correr, por isso coloquei foguetes em suas botas para correr.",
		"129": "O silêncio é dourado. A fita adesiva é prateada.",
		"13": "Ah, ótimo. Consigo ouvir {Mechanic} e {Nurse} discutindo daqui.",
		"130": "SIM, o ouro é mais forte que o ferro. O que eles tem ensinado aos humanos hoje em dia?",
		"131": "Sabe, aquela combinação de capacete de minerador com pé-de-pato funcionava melhor no papel.",
		"132": "É surpreendentemente fácil deixar um goblin com raiva. Na verdade, eles podem entrar em guerra por causa de um pedaço de pano!",
		"133": "Para ser honesto, a maioria dos goblins não é lá muito inteligente. Bem, alguns deles são.",
		"134": "Você sabe por que levamos estas bolas com espinhos para todos os lados? Porque eu não sei.",
		"135": "Eu acabei de concluir minha mais nova criação! Esta versão não explode violentamente se você respirar fundo demais.",
		"136": "Ladrões goblin não são muito bons em seu trabalho. Eles não conseguem nem roubar um baú destravado!",
		"137": "Obrigado por me salvar, colega!  Eu já estava começando a ficar irritado.",
		"138": "Ah, meu herói!",
		"139": "Ah, que heroico! Obrigado por me salvar, jovem senhora!",
		"14": "Você viu Chith...Shith.. Bate-papo... O olho grande?",
		"140": "Ah, que heroico! Obrigado por me salvar, jovem rapaz!",
		"141": "Agora que nos conhecemos, posso me mudar pra sua casa, certo?",
		"142": "Olá, olá, {Guide}! O que posso fazer por você hoje?",
		"143": "Olá, olá, {Demolitionist}! O que posso fazer por você hoje?",
		"144": "Olá, olá, {GoblinTinkerer}! O que posso fazer por você hoje?",
		"145": "Olá, olá, {Nurse}! O que posso fazer por você hoje?",
		"146": "Olá, olá, {GoblinTinkerer}! O que posso fazer por você hoje?",
		"147": "Olá, olá, {Dryad}! O que posso fazer por você hoje?",
		"148": "Quer que eu tire uma moeda da sua orelha? Não? Ok.",
		"149": "Quer um doce mágico? Não? Ok.",
		"15": "Ei, esta casa é segura, certo? Certo? {PlayerName}?",
		"150": "Eu sei fazer um chocolate quente encantador, se você estiver inter... Não? Ok.",
		"151": "Você veio dar uma olhadinha na minha bola de cristal?",
		"152": "Já pensou em ter um anel encantado que transforma pedras em geleias? Bem, eu também não.",
		"153": "Uma vez alguém me disse que a amizade é mágica. Isso é ridículo. Não é possível transformar pessoas em sapos usando a amizade.",
		"154": "Posso ver seu futuro... Você vai comprar muitos dos meus itens!",
		"155": "Uma vez eu tentei dar vida a uma Estátua de anjo. Não aconteceu nada.",
		"156": "Obrigado!  Era só uma questão de tempo até que eu terminasse igual aos esqueletos que tem aqui embaixo.",
		"157": "Ei, presta atenção por onde anda! Eu estava ali quase agora!",
		"158": "Espera, a Wi-Fi está quase funcionando aqui embaixo.",
		"159": "Mas eu já estava terminando de instalar as luzinhas aqui!",
		"16": "Nem mesmo uma lua de sangue pode impedir o capitalismo. Vamos negociar.",
		"160": "NÃO SE MEXA. MINHA LENTE DE CONTATO CAIU.",
		"161": "Eu só quero que o interruptor faça... O quê?!",
		"162": "Ah, já sei. Não tem fio suficiente. Idiota.",
		"163": "Só-você poderia só... Por favor! Ok? Ok. Ugh.",
		"164": "Não estou gostando do jeito como você está olhando para mim. Estou TRABALHANDO agora.",
		"165": "Ei, {PlayerName}, você acabou de chegar da casa do {GoblinTinkerer}? Ele por acaso falou de mim?",
		"166": "{ArmsDealer} continua falando sobre apertar minha placa de pressão. Eu disse a ele que ela servia para subir em cima.",
		"167": "Sempre compre mais fio do que precisa!",
		"168": "Você verificou se o seu dispositivo está conectado à tomada?",
		"169": "Ah, sabe o que está faltando nesta casa? Mais luzes piscando.",
		"17": "Fique de olho no prêmio, compre uma lente!",
		"170": "Você sabe que a noite é de Lua de Sangue quando o céu fica vermelho. Há algo nela que faz com que monstros apareçam.",
		"171": "Ei parceiro, você sabe onde encontro ervas da morte? Ah, por nada. Só pra saber mesmo.",
		"172": "Se você olhar para cima, verá que a Lua está vermelha agora.",
		"173": "É melhor ficar dentro de casa à noite. É muito perigoso andar por aí no escuro.",
		"174": "Saudações, {PlayerName}. Há alguma coisa que eu possa fazer para ajudar?",
		"175": "Estou aqui para oferecer conselhos sobre o que fazer.  Recomenda-se que você fale comigo sempre que não souber o que fazer para continuar.",
		"176": "Dizem que há uma pessoas que dirá como sobreviver nesta terra... opa, espera. Sou eu.",
		"177": "Você pode utilizar sua picareta para cavar na areia e seu machado para cortar árvores. Basta colocar seu cursor sobre a peça e clicar!",
		"178": "Se quiser sobreviver, terá que criar armas e abrigos. Comece cortando árvores e juntando madeira.",
		"179": "Pressione {InventoryKey} para acessar seu menu de criação. Quando você tiver madeira suficiente, crie uma mesa de trabalho. Isto permitirá que você crie coisas mais complicadas, contanto que esteja próximo.",
		"18": "Kosh, kapleck Mog. Oh desculpe, isso quer dizer \"Compre algo ou morra\" em klingon.",
		"180": "Você pode construir abrigos utilizando madeira e outros blocos. Não esqueça de criar e posicionar paredes.",
		"181": "Assim que tiver uma espada de madeira, pode tentar juntar um pouco de gel das geleias. Combine madeira com gel para criar uma tocha!",
		"182": "Para interagir com o pano de fundo, use um martelo!",
		"183": "Você deveria minerar até encontrar minério de ferro. Você pode criar coisas muito úteis com ele.",
		"184": "Agora que tem algum minério, você terá que transformá-lo em uma barra para criar itens. Isto requer uma fornalha!",
		"185": "Você pode criar uma fornalha com tochas, madeira e pedra. Certifique-se de que está próximo a uma bancada de trabalho.",
		"186": "Você precisará de uma bigorna para criar a maioria dos objetos com barras de metal.",
		"187": "Bigornas podem ser criadas com ferro ou compradas de comerciantes.",
		"188": "Há corações de cristal no submundo que podem ser utilizados para aumentar o nível máximo de sua vida. Você pode destruí-los com uma picareta.",
		"189": "Se você juntar 5 estrelas caídas, elas poderão ser combinadas para se criar um item que aumentará sua capacidade mágica.",
		"19": "{PlayerName}, não é isso? Ouvi falar bem de você, colega!",
		"190": "Estrelas caem no mundo inteiro à noite. Elas podem ser utilizadas de várias maneiras. Se vir uma, não deixe de pegá-la, pois desaparecem depois que o Sol nasce.",
		"191": "Há muitas maneiras diferentes de se atrair pessoas para morar em nossa cidade. Obviamente elas precisarão de um lar.",
		"192": "Para uma sala ser considerada um lar, ela precisa de uma porta, de uma cadeira, de uma mesa e de uma fonte de luz.  Certifique-se de que a casa também tem paredes.",
		"193": "Não é possível que duas pessoas morem no mesmo lar. Além disso, se seu lar for destruído, elas procurarão por um novo lugar para morar.",
		"194": "Você pode utilizar a interface de alojamentos para definir e visualizar alojamentos. Abra seu inventário e clique no ícone da casa.",
		"195": "Se você quiser que um comerciante venha morar aqui, terá que juntar bastante dinheiro. 50 moedas de prata devem ser o suficiente!",
		"196": "Para que uma enfermeira mude-se para cá, seria bom você aumentar sua vida máxima.",
		"197": "Se você tivesse uma arma, aposto que um comerciante de armas apareceria para vender munição!",
		"198": "Você deveria provar seu valor derrotando um monstro forte. Isso chamaria a atenção de um dríade.",
		"199": "Certifique-se de explorar o calabouço completamente. Pode haver prisioneiros em suas profundezas.",
		"2": "Olha só a armadura barata que você está usando. Melhor comprar mais poções de cura.",
		"20": "Ouvi falar de um tesouro secreto... ah, deixa pra lá.",
		"200": "Talvez o velho ao lado do calabouço queira juntar-se a nós, agora que sua maldição foi quebrada.",
		"201": "Guarde todas as bombas que encontrar. Um especialista em demolição pode querer dar uma olhada nelas.",
		"202": "Os goblins são assim tão diferentes de nós a ponto de ser impossível uma convivência pacífica?",
		"203": "Ouvi falar que havia um mago poderoso vivendo por aqui.  Fique de olhos abertos da próxima vez que for ao subterrâneo.",
		"204": "Se você combinar lentes em um altar demoníaco, talvez seja possível encontrar uma maneira de invocar um monstro poderoso. Mas é melhor esperar anoitecer antes de fazer isso.",
		"205": "Você pode criar iscas para vermes com pedaços podres e pó infame. Certifique-se de que está em um local corrompido antes de usar.",
		"206": "Altares demoníacos normalmente podem ser encontrados na corrupção. Você terá que estar próximo para criar alguns itens.",
		"207": "Você pode criar um gancho com corrente utilizando um gancho e 3 correntes. Esqueletos encontrados nas profundezas do subterrâneo normalmente carregam ganchos. Correntes podem ser feitas com barras de ferro.",
		"208": "Se vir um pote, não deixe de quebrá-lo. Eles contém todo tipo de suprimento.",
		"209": "Há tesouros escondidos no mundo inteiro. Coisas impressionantes podem ser encontradas nas profundezas do subterrâneo!",
		"21": "Você falou Estátua do Anjo? Desculpe, mas não negocio com lixo.",
		"210": "Destruir uma esfera das sombras pode fazer com que um meteoro caia do céu. Esferas das sombras são normalmente encontradas nos abismos em áreas corrompidas.",
		"211": "Você deve concentrar-se em juntar mais cristais da vida para aumentar sua vida máxima.",
		"212": "Seu equipamento atual simplesmente não dá conta. Você precisa criar uma armadura melhor.",
		"213": "Acho que você está pronto para sua primeira grande batalha. Junte algumas lentes de globos oculares à noite e leve-as a um altar demoníaco.",
		"214": "É bom aumentar sua vida máxima antes de encarar o próximo desafio. Quinze corações devem ser o bastante.",
		"215": "A pedra negra na corrupção pode ser purificada utilizando-se pó de um dríade, ou pode ser destruída com explosivos.",
		"216": "A próxima etapa deve ser explorar os abismos corrompidos.  Destrua qualquer esfera das sombras que encontrar.",
		"217": "Há um velho calabouço não muito longe daqui. Não seria má ideia dar uma olhada nele agora.",
		"218": "Você precisa tentar maximizar sua vida disponível. Tente juntar vinte corações.",
		"219": "Há muitos tesouros a se descobrir na selva, se você estiver disposto a cavar fundo o suficiente.",
		"22": "O último cara que veio aqui deixou algum lixo... uh, quero dizer... tesouros!",
		"220": "O submundo é feito de um material chamado pedra infernal. É perfeito para a criação de armas e armaduras.",
		"221": "Quando você estiver pronto para desafiar o guardião do submundo, você terá que fazer um sacrifício. Tudo que você precisa pode ser encontrado no submundo.",
		"222": "Certifique-se de destruir qualquer altar demoníaco que encontrar. Algo bom vai acontecer se você fizer isso!",
		"223": "Às vezes almas podem ser colhidas de criaturas derrotadas em lugares de luz ou de escuridão extrema.",
		"224": "Ho ho ho, e uma garrafa de... Gemada!",
		"225": "Você poderia assar alguns biscoitos para mim?",
		"226": "O quê? Achou que eu não existia?",
		"227": "Consegui costurar seu rosto de volta. Da próxima vez, tome mais cuidado.",
		"228": "Isso provavelmente vai deixar uma cicatriz.",
		"229": "Muito melhor. Eu não quero mais ver você pulando de colinas.",
		"23": "Será que a Lua é feita de queijo... uh, o que? Ah sim, compra alguma coisa!",
		"230": "Não doeu tanto assim, não foi?",
		"231": "Como se viver no subterrâneo já não fosse o suficiente, idiotas como você vem aqui quando estou dormindo e roubam meus filhos.",
		"232": "Cá entre nós, eu só confio em {Dryad}. Ela é a única por aqui que não tentou me comer ou me usar em uma poção.",
		"233": "Eu tentei me lamber outro dia desses, queria saber o porquê alvoroço todo, e então tudo começou a brilhar azul.",
		"234": "Sempre que eu vejo a cor azul, fico deprimido e com preguiça.",
		"235": "Você não viu nenhum porco por aí, viu? Meu irmão perdeu sua perna por causa de um deles.",
		"236": "Todos dessa cidade são um pouco esquisitos. Acordei com o alfaiate mordendo meu pé na noite passada.",
		"237": "Eu vou te dar um desconto se você conseguir convencer {Truffle} a vir aqui para uns... ajustes.",
		"238": "Acho que ninguém entende {Truffle}. Ele é um cara muito divertido.",
		"24": "Você falou em ouro?  Eu posso ficar com isso aí.",
		"240": "Eu não conheço a 'Trufa Travessa,' então para de perguntar!",
		"241": "Ouvi falar de boatos sobre mim. Algo sobre \"Se não pode com ele, coma-o!\"",
		"242": "Opa, o que é que você tem aí?",
		"243": "Você acha que eu deveria me tornar um pirata dos ares? Já pensei em virar pirata dos ares.",
		"244": "De qualquer maneira, um jetpack cairia muito bem em você!",
		"245": "Tenho me sentido meio rabugento ultimamente, por isso já basta de confusão, seu maltrapilho!",
		"246": "Queria saber mais sobre aquele {Cyborg}. Como ele consegue manter aquele tipo de locomoção?",
		"247": "Aquele capitão parece estar \"do outro lado do cais\", se é que você me entende!",
		"248": "Quero ver as engrenagens!",
		"249": "Eu gostei das suas... engrenagens. Tem versão em latão?",
		"25": "É melhor você não me sujar com sangue.",
		"250": "Assim que pisar nas terras consagradas, você verá um arco-íris no céu. Posso ajudar com sua pintura, se você quiser.",
		"251": "Olha só a {PartyGirl}. Essa é uma garota que sabe como pintar uma cidade de vermelho!",
		"252": "Eu sei qual é a diferença entre turquesa e verde azulado. Mas eu não vou te dizer.",
		"253": "Estou sem titânio branco, não adianta pedir.",
		"254": "Tente cor-de-rosa e roxo, funciona, juro!",
		"255": "Não, não, não... Há MUITOS tons de cinza diferentes! Não começa...",
		"256": "Espero que não chova antes da tinta secar. Seria um desastre!",
		"257": "Eu trago comigo as cores mais vivas que existem em troca de suas riquezas!",
		"258": "Meu amor, suas roupas não tem cor alguma. Você definitivamente precisa de algumas aulas sobre como tinturar suas velhas roupas!",
		"259": "O único tipo de madeira que eu tinturaria é o MARAVILHOSO Mogno. Tingir qualquer outro tipo de madeira é um desperdício.",
		"26": "Anda logo e estanca isso.",
		"260": "Você precisa fazer algo sobre {Pirate}.  Toda vez que ele vem aqui, seu cheiro fica por uma semana!",
		"261": "Que tipo de médico eu sou? Sou o Médico Bruxo.",
		"262": "O coração da magia é a natureza. A natureza dos corações é mágica.",
		"263": "{Nurse} pode ajudar a curar seu corpo, mas eu posso fazer você incorporar a cura.",
		"264": "Escolha sabiamente, {PlayerName}. Meus itens são voláteis e minhas artes sombrias, misteriosas.",
		"265": "Temos que conversar. É... é sobre festas.",
		"266": "Não consigo decidir de que gosto mais: festas ou coquetéis.",
		"267": "Nós deveríamos organizar uma festa de raízes brilhantes, e um coquetel também, para depois da festa.",
		"268": "Uau, {PlayerName}, conhecer um aventureiro como você me deu vontade de festejar!",
		"269": "Consiga um globo de discoteca e depois eu te mostro como dar uma festa.",
		"27": "Se você vai morrer, por favor, vá lá para fora.",
		"270": "Eu já fui à Suécia uma vez, e eles sabem como dar uma festa por lá. Por que você não é assim?",
		"271": "Meu nome é {PartyGirl}, mas todos me chamam de acaba-festa. Pois é, não sei por que. De qualquer maneira, parece ser maneiro.",
		"272": "Você gosta de festas? Às vezes? Mmm, tudo bem, então podemos conversar...",
		"273": "Eu não sou amante dos sete mares, mas é melhor ter amado e perdido do que nunca ter amado, não é?",
		"274": "Ho ho ho, e uma garrafa de... raiz brilhante!",
		"275": "YAR!  Engraçado você falar em papagaios porque... é... você estava falando sobre o que mesmo?",
		"276": "{PlayerName}, você é uma das garotas mais lindas que este capitão aqui viu há muito tempo!",
		"277": "Sai do meu pé, seu patife!",
		"278": "O que diabos você está dizendo? Moby Dick é meu!",
		"279": "*Yarr Blarr Harrdarr*",
		"28": "O que é que você quer dizer com isso?!",
		"280": "E depois a Unidade 492-8 disse, \"Quem você acha que eu sou, Unidade 472-6?\" HA. HA. HA.",
		"281": "A eficiência da minha expedição foi reduzida drasticamente quando um projétil atingiu o meu atuador de locomoção.",
		"282": "Esta sentença é falsa, ou não é?",
		"283": "Então aquela garota \"meio punk\" é inventora, né? Acho que eu poderia mostrar algumas coisinhas a ela!",
		"284": "Claro, eu e {Pirate} somos colegas, eu só odeio quando o papagaio deles faz suas... necessidades... em mim. Esse troço é corrosivo!",
		"285": "Eu construí um mecanismo de paladar para mim mesmo, assim posso apreciar algumas bebidas!",
		"286": "Às vezes eu pareço ter perdido um parafuso... Entendeu? Um parafuso?",
		"287": "Curto atrás e nos lados, certo?",
		"288": "Essas luzes realmente destacam seus olhos!",
		"289": "Minhas mãos estão pegajosas por causa da... cera.",
		"29": "Não estou gostando do seu tom.",
		"290": "Chá? Café? Ou só mais um pouco de suco de laranja?",
		"291": "Meu amor, precisamos dar um jeito nessas pontas quebradas urgentemente.",
		"292": "Garooooota! Quando o assunto é fofoca, ninguém é melhor que você.",
		"293": "Que loção pós-barba você gostaria de passar hoje, senhor?",
		"294": "Sente-se um pouco e eu deixarei você afiado rapidinho.",
		"295": "Ou você tem estilo, ou pede para alguém.",
		"296": "Para você, acho que ficaria bom algo... que exija pouca manutenção.",
		"297": "Eu tentei usar um dos produtos do Mestre das Tintas uma vez. Queimei as pontas. Um desastre.",
		"298": "Ah, pobrezinho. Só... só senta aqui. Vai ficar tudo bem. Shhhh.",
		"299": "Se liga na minha novidade.",
		"3": "Sinto como se uma presença maléfica estivesse me observando.",
		"30": "Por que você está aqui mesmo? Se não está sangrando, não precisa estar aqui.. Saia.",
		"300": "Olá senhor, eu sou a {Stylist}, e vou cortar seu cabelo hoje.",
		"301": "Só um pouco da parte de cima?  Isso não tem graça...",
		"302": "Espero que você goste do que fiz com o cabelo da {PartyGirl}!",
		"303": "Não há nada que eu possa fazer pela cabeça chamuscada do {Demolitionist}. Ele é uma causa perdida.",
		"304": "Gorjetas SÃO opcionais, mas lembre-se de que eu tenho uma tesoura apontada para sua cabeça.",
		"305": "A propósito, esta é uma lâmina de barbear.",
		"306": "Melhor não me chatear hoje, meu amor. Acabei de amolar minha tesoura, e estou só esperando uma desculpa para usá-la!",
		"307": "Mmm, ouvi falar da {PartyGirl} que a amiga de {Mechanic}, {Nurse}, gastou todo o salário do seu namorado comprando sapatos.",
		"308": "Uma vez eu coloquei uma peruca no {Cyborg} só para poder cortar seu cabelo. Eu acho que ele até gostou!",
		"309": "Tentei visitar a {Stylist} uma vez. Ela simplesmente olhou para mim e disse 'não'.",
		"31": "O QUE?!",
		"310": "Acho que já está na hora de fazer um penteado!",
		"311": "Você sequer tentou escovar seu cabelo hoje?",
		"312": "Então, um corte de pixie. Você gostaria de deixar um detalhe nos lados?",
		"313": "Eu não vejo problema em tirar cabelos das orelhas e das sobrancelhas, mas o nariz já é demais.",
		"314": "Muito bem, agora senta aí e espera um pouco. Eu volto para enxaguar daqui a 25 minutos...",
		"315": "Obrigada, meu amor! Agora eu finalmente posso dar um jeito no meu cabelo.",
		"316": "Eu te daria um corte grátis se você tivesse chegado antes.",
		"317": "Não brinque com essa tesoura, eles disseram. Você não vai ficar presa em uma teia de aranha, eles disseram!",
		"318": "Eca, meu cabelo, tem teia de aranha nele todo!",
		"319": "Encontre-me atrás da casa do {Guide} em cerca de três horas, eu acho que tenho algo que você vai achar bem interessante.",
		"32": "Você viu o velho andando pelo calabouço? Ele parece estar perturbado.",
		"320": "Esse {Merchant}, ele realmente não aprecia um bom negócio.",
		"321": "Eu só vendo o que posso conseguir. {Clothier} não para de perguntar se tenho roupas exóticas.",
		"322": "Mmm, acho que você gostaria de uma Estátua de anjo! Eles são bem detalhistas, e deixam tudo uma maravilha!",
		"323": "Eu não ofereço reembolso por \"compras por impulso...\" Na verdade, não ofereço por motivo algum.",
		"324": "Compre agora e aproveite o frete grátis!",
		"325": "Eu vendo produtos de lugares que talvez nem existam!",
		"326": "Você quer dois tostões!? Se você fizer por um, nós fechamos negócio.",
		"327": "Um combinado de narguilé e cafeteira! Também prepara fritas julienne!",
		"328": "Venha dar uma olhada! Peixe de uma libra! Muito, muito bom! Peixe de uma libra!",
		"329": "Se você está procurando por porcarias, veio ao lugar errado.",
		"33": "Eu queria que {Demolitionist} tomasse mais cuidado.  Costurar seus membros todos os dias está ficando cansativo.",
		"330": "Um brechó?  Não, eu só vendo itens de altíssima qualidade no mercado.",
		"331": "Destruir um coração de carmim às vezes faz meteoros caírem do céu. Corações de Carmim podem ser encontrados em abismos em regiões de carmim.",
		"332": "Você tentou utilizar o pó de purificação na pedra carmim do carmim?",
		"333": "Você deve limpar o mundo deste carmim.",
		"334": "Psst! Talvez eu tenha uma tarefa para você. E nem pense em dizer não!",
		"335": "Eu quero um peixe e você vai encontrar um para mim! Pergunte para mim!",
		"336": "Ei! Você é o sacrif- digo, o pescador experiente perfeito! ",
		"337": "{Angler} quer que VOCÊ seja o faz tudo oficial de {WorldName}!",
		"338": "O quêeee?! Você não está vendo que estou enrolando o fio da vara de pescar??",
		"339": "Eu tenho peixes suficientes! Eu não preciso de sua ajuda agora!",
		"34": "Ei, {ArmsDealer} falou algo sobre ir ao médico por algum motivo? Só estava pensando.",
		"340": "Não há nenhum chef em toda {WorldName}, então eu terei que cozinhar todos esses peixes sozinho! ",
		"341": "Ei! Olha só! Estou preparando armadilhas para minha maior pegadinha! Ninguém vai esperar por essa! Não atreva-se a contar a ninguém!",
		"342": "Escute o conselho de um garoto, nunca encoste a língua em um bloco de gelo! Espera, esquece o que eu falei, eu quero muito ver você fazendo isso!",
		"343": "Já ouviu falar em peixes latindo?! Eu não, só queria saber de você!",
		"344": "{WorldName} já tem todos os tipos de peixe mais esquisitos que existem!",
		"345": "Que droga! Provavelmente vários tipos de peixe entraram em extinção antes mesmo do meu nascimento, isso não é justo!",
		"346": "Eu não tenho mãe nem pai, mas eu tenho muitos peixes! É quase a mesma coisa!",
		"347": "Heh heh, você tinha que ver a cara de {Dryad} quando eu prendi aquele dente de piranha na cadeira!",
		"348": "Eu tenho um pedido para você! Não, eu não estou nem aí para o apocalipse zumbi!",
		"349": "Anda logo e escuta! Eu preciso que você pegue algo para mim nesse momento!",
		"35": "Preciso ter uma conversa séria com {Guide}. Quantas vezes por semana você consegue vir aqui com queimaduras graves por lava?",
		"350": "Eu odeio a Lua de Sangue! Eu não consigo dormir por causa daqueles barulhos assustadores!",
		"351": "Pescar em noite de Lua de Sangue é terrível! Os peixes mordem, é verdade, mas os zumbis também!",
		"352": "Há um zilhão de monstros por aí agora mesmo!",
		"353": "Tipo, obrigado, por me salvar. Você seria um ótimo lacaio!",
		"354": "Hã? Quem é você? Claro que eu não estava me afogando ou nada parecido!",
		"355": "Você me salvou! Você é muito gentil, eu poderia usar você... é, digo, contratar seus serviços para fazer coisas incríveis para mim!",
		"356": "Você tem ossos sobrando para vender? Estou querendo substituir minha bacia... outra vez.",
		"357": "Excelente! Alguém finalmente apareceu para levar alguns desses meus vermes.",
		"358": "Não há doença ou condição que não possa ser curada por um pouco do meu Óleo de Geleia! Confie em mim, funciona, olha só como estou em boa forma!",
		"359": "Você tem coragem mesmo, para vir até aqui embaixo. Que tal comprar alguma coisa?",
		"36": "Acho que você fica melhor assim.",
		"360": "Você não vai acreditar nas coisas que algumas pessoas jogam em mim... Quer comprar algumas?",
		"361": "Eu até te daria uma mãozinha, mas da última vez que fiz isso, passei um mês sem ela",
		"362": "Fique longe das aranhas. Elas vão sugar tudo que tem dentro de você até sobrar apenas a casca de um homem. Confie em mim.",
		"363": "As únicas constantes neste mundo são a morte e os impostos, e eu tenho os dois!",
		"364": "Você outra vez? Imagino que você queira mais dinheiro!?",
		"365": "Será que todo mundo por aqui abre e fecha portas fazendo tanto barulho assim?!",
		"366": "Vejo que você está com tempo livre, como sempre. Não consigo imaginar como seria uma vida de trabalho para gente como você.",
		"367": "Sim, sim, sim! Vou entregar sua parte daqui a pouquinho. Achei que você seria um pouco mais paciente, afinal de contas eu fiz todo o trabalho.",
		"368": "O que eu preciso fazer para ter um pouco de paz por aqui? Vá incomodar alguém menos ocupado!",
		"369": "...dois barris de melaço, mais... Ah, deixa pra lá, você está aqui. Aqui está seu dinheiro.",
		"37": "Eca... O que aconteceu com seu rosto?",
		"370": "Cá entre nós... Não entendo por que eles ainda pagam o aluguel",
		"371": "Tentei fazer {Dryad} me pagar com favores uma vez e hoje tenho fungos que crescem em lugares estranhos.",
		"372": "Vá dizer a {ArmsDealer} que pare de me oferecer pagamentos em munição. Eu nem sequer tenho uma arma.",
		"373": "Por que VOCÊ não tenta receber dinheiro de {Demolitionist} sem perder uma mão, um pé, ou...",
		"374": "Acabei de chegar do {Merchant}. Ele queria saber se eu aceito cartões de crédito.",
		"38": "POXA VIDA! Eu mando bem, mas não TÃO bem assim.",
		"380": "Esta é sua parte dos impostos que eu recebi da nossa população sobressalente!",
		"381": "Você de novo, para levar todas as minhas moedas! Só peque e dê o fora daqui!",
		"382": "Bah! Aqui, pegue seu trocado e dê o fora daqui!",
		"383": "Isso é tudo que você vai receber por enquanto! Pegue e não vá desperdiçar por aí.",
		"39": "Caros amigos, estamos reunidos aqui hoje para dar adeus... Ah, você vai ficar bem.",
		"390": "...E as pessoas ainda dizem que sou ganancioso? Bem, não tenho mais nada para você.",
		"391": "Ah, você acha que eu sou uma fábrica de moedas? Porque toda vez que você me vê, pergunta a mesma coisa.",
		"392": "Você nunca aparece só pra dar um 'Oi'?",
		"393": "Bah! Você outra vez? Você acabou de pegar algumas das minhas moedas, dê o fora e só volte mais tarde!",
		"394": "Eu acabei de te dar metade de uma coroa cinco minutos atrás! Dá o fora!",
		"395": "Já quer meter a mão na minha carteira!? E depois EU sou o ganancioso.",
		"396": "Você acabou de receber seu pagamento, nem mais um centavo! Saia!",
		"397": "Dinheiro não nascem em árvores, então não abuse com as minhas frutas! Bah! ",
		"398": "Você já conseguiu gastar tudo que eu te paguei!? Bah, eu não sou instituição de caridade, vá matar geleias!",
		"399": "Não tão rápido! Você recebeu seu dinheiro, agora vá embora! ",
		"4": "A espada derrota o papel! Obtenha hoje mesmo.",
		"40": "Você deixou seu braço ali. Deixe-me pegar pra você...",
		"400": "Já está mendigando?! Não olha para mim como se eu fosse mudar de ideia da noite pro dia! ",
		"401": "Destrua todo altar de carmim que você encontrar. Algo bom vai acontecer se você fizer isso!",
		"402": "Altares de Carmim normalmente são encontrados no carmim. Você terá que estar próximo para criar alguns itens.",
		"403": "Você pode criar uma espinha sangrenta com vértebras. Certifique-se de que está em uma área carmim antes de usar.",
		"41": "Deixe de ser um bebezinho! Já vi piores.",
		"42": "Você vai levar pontos!",
		"43": "Problema com valentões de novo?",
		"44": "Espera um pouco, tenho alguns curativos em algum lugar por aqui.",
		"45": "Pode ir, {PlayerName}, você vai ficar bem. Poxa.",
		"46": "Dói quando você faz isso? Não faça isso.",
		"47": "Você parece até que foi digerido pela metade. Estava perseguindo geleias de novo?",
		"48": "Gire a cabeça e tussa.",
		"49": "Eu já vi maiores... Sim, com certeza já vi ferimentos maiores.",
		"5": "Você quer maçãs? Você quer cenouras? Você quer abacaxis? Nós temos tochas.",
		"50": "Você gostaria de um pirulito?",
		"51": "Mostre-me onde dói.",
		"52": "Sinto muito, mas você não tem dinheiro suficiente para mim.",
		"53": "Vou precisar de mais ouro do que o que você tem.",
		"54": "Eu não trabalho de graça, sabe?",
		"55": "Eu não ofereço finais felizes.",
		"56": "Não posso fazer mais nada por você sem uma cirurgia plástica.",
		"57": "Pare de desperdiçar meu tempo.",
		"58": "Ouvi falar que há um manequim que parece muito com {Guide} em algum lugar no submundo.  Eu gostaria de praticar tiro ao alvo nele.",
		"59": "Não demore! Tenho um encontro marcado com {Nurse} em uma hora.",
		"6": "Bela manhã, não concorda? Você estava precisando de alguma coisa?",
		"60": "Eu quero o que {Nurse} estiver vendendo. Como assim, ela não vende nada?",
		"61": "{Dryad} é um espetáculo.  É uma pena ela ser tão puritana.",
		"62": "Não perca tempo com {Demolitionist}. Eu tenho tudo que você procura aqui mesmo.",
		"63": "Qual o problema com {Demolitionist}? Ele tem noção que vendemos coisas completamente diferentes?",
		"64": "Cara, essa noite está perfeita para se ficar em silêncio, não concorda, {PlayerName}?",
		"65": "Eu adoro noites assim.  Não faltam coisas para se matar!",
		"66": "Vejo que você está de olho no Mini-tubarão. É melhor você não perguntar como ele é feito.",
		"67": "Ei, isso não é um filme, colega. A munição é por fora.",
		"68": "Tire suas mãos da minha arma, parceiro!",
		"69": "Você tentou utilizar o pó de purificação na pedra negra da corrupção?",
		"7": "Em breve a noite cairá, colega. Faça suas escolhas enquanto ainda pode.",
		"70": "Eu gostaria que {ArmsDealer} parasse de flertar comigo. Será que ele não percebe que eu tenho 500 anos de idade?",
		"71": "Por que {Merchant} continua tentando me vender estátuas de anjos? Todo mundo sabe que elas não fazem nada.",
		"72": "Você viu o velho caminhando pelo calabouço? Ele não parece estar bem...",
		"73": "Eu vendo o que eu quiser! Se você não gosta, problema seu.",
		"74": "Por que você quer tanto brigar numa hora destas?",
		"75": "Não quero que você compre minhas coisas. Eu quero que você queira comprar minhas coisas, entendeu?",
		"76": "Cara, é impressão minha ou há tipo um milhão de zumbis lá fora esta noite?",
		"77": "Você deve limpar o mundo desta corrupção.",
		"78": "Proteja-se. Terraria precisa de você!",
		"79": "As areias do tempo estão fluindo. E, assim, você não está envelhecendo muito graciosamente.",
		"8": "Você não faz ideia de quanto Blocos de Sujeira custam longe daqui.",
		"80": "Que estória é essa de que eu lato mas não mordo?",
		"81": "Então, dois goblins entram em um bar e um diz para o outro, \"Que tal um 'goble' de cerveja?!\"",
		"82": "Eu não posso deixar que você entre antes de me libertar de minha maldição.",
		"83": "Volte à noite se quiser entrar.",
		"84": "Meu mestre não pode ser invocado sob a luz do dia.",
		"85": "Você é fraco demais para derrotar minha maldição.  Volte quando não for tão inútil.",
		"86": "Seu tolo patético.  Você não pode acreditar que tem chance contra meu mestre em seu estado atual.",
		"87": "Espero que você tenha uns seis amigos em sua retaguarda.",
		"88": "Por favor, não, forasteiro. Você vai acabar morrendo.",
		"89": "Talvez você esteja forte o suficiente para me libertar de minha maldição...",
		"9": "Ah, eles contarão estórias sobre {PlayerName} algum dia... e estórias boas, com certeza.",
		"90": "Forasteiro, você possui a força para derrotar meu mestre?",
		"91": "Por favor! Lute contra aquele que me raptou e me liberte! Eu imploro!",
		"92": "Derrote meu mestre e eu abrirei a entrada do Calabouço.",
		"93": "Tentando passar pela rocha negra, não é?  Por que não adicionar alguns explosivos à equação?",
		"94": "Ei, você viu um palhaço por aí?",
		"95": "Havia uma bomba aqui mesmo e agora não consigo encontrá-la...",
		"96": "Ah, eu tenho uma coisinha para os zumbis!",
		"97": "Até {ArmsDealer} quer o que eu tenho para vender!",
		"98": "Você preferiria um buraco de bala ou um de granada? É o que eu pensei.",
		"99": "Tenho certeza que {Nurse} vai ajudar se você acidentalmente perder um membro."
	},
	"LegacyMenu": {
		"0": "Abra o Terraria para participar!",
		"100": "Cenário Ligado",
		"101": "Cenário Desligado",
		"102": "Selecionar Idioma",
		"103": "Idioma",
		"104": "Sim",
		"105": "Não",
		"106": "Alternar Estilo do Mapa           ",
		"107": "Alternar Tela Cheia           ",
		"108": "Aproximar                      ",
		"109": "Afastar                    ",
		"10": "Carregar Backup",
		"110": "Diminuir Transparência     ",
		"111": "Aumentar Transparência      ",
		"112": "Mapa Ativado",
		"113": "Mapa Desativado",
		"114": "Geral",
		"115": "Controles do Mapa",
		"116": "Iluminação Multicore:",
		"117": "Desligado",
		"118": "Fechar Menu",
		"11": "Nenhum backup encontrado",
		"120": "Cursor Inteligente    ",
		"121": "Modo do Cursor Inteligente: Alternar",
		"122": "Modo do Cursor Inteligente: Segurar",
		"123": "Barra de Avanço do Evento",
		"124": "Desligado",
		"125": "Cronometrado",
		"126": "Ligado",
		"127": "Estilo",
		"128": "Prévia do Posicionamento Ligada",
		"129": "Prévia do Posicionamento Desligada",
		"12": "Um Jogador",
		"130": "Montaria             ",
		"131": "Conquistas",
		"132": "Sangue e Violência Ligados",
		"133": "Sangue e Violência Desligados",
		"134": "Aplicar",
		"135": "Configurações de Servidor",
		"136": "Multijogador no Steam: Desativado",
		"137": "Multijogador no Steam: Ativado",
		"138": "Usuários Permitidos: Apenas Convidados",
		"139": "Usuários Permitidos: Amigos",
		"13": "Multijogador",
		"140": "Amigos Podem Convidar: Desligado",
		"141": "Amigos Podem Convidar: Ligado",
		"142": "Permitir Amigos de Amigos: Desligado",
		"143": "Permitir Amigos de Amigos: Ligado",
		"144": "Iniciar",
		"145": "Entrar pelo Steam",
		"146": "Entrar por IP",
		"147": "Convidar Amigos",
		"148": "Para Cima",
		"149": "Para Baixo",
		"14": "Configurações",
		"150": "Esquerda",
		"151": "Direita",
		"152": "Pular",
		"153": "Jogar Fora",
		"154": "Inventário",
		"155": "Prender",
		"156": "Mana Rápida",
		"157": "Bônus Rápido",
		"158": "Montaria Rápida",
		"159": "Cura Rápida",
		"15": "Sair",
		"160": "Selecionar Automaticamente",
		"161": "Cursor Inteligente",
		"162": "Utilizar Item",
		"163": "Interagir",
		"164": "Controles do Jogo",
		"165": "Controles do Mapa",
		"166": "Controles da Hotbar",
		"167": "Configurações de Gamepad",
		"168": "Aproximar",
		"169": "Afastar",
		"16": "Criar Personagem",
		"170": "Aumentar Transparência",
		"171": "Diminuir Transparência",
		"172": "Alternar Estilo do Mapa",
		"173": "Alternar Mapa Completo",
		"174": "Alternar para a Esquerda",
		"175": "Alternar para a Direita",
		"176": "Hotbar #1",
		"177": "Hotbar #2",
		"178": "Hotbar #3",
		"179": "Hotbar #4",
		"17": "Excluir",
		"180": "Hotbar #5",
		"181": "Hotbar #6",
		"182": "Hotbar #7",
		"183": "Hotbar #8",
		"184": "Hotbar #9",
		"185": "Hotbar #10",
		"186": "Marca Rápida #1",
		"187": "Marca Rápida #2",
		"188": "Marca Rápida #3",
		"189": "Marca Rápida #4",
		"18": "Cabelos",
		"190": "Hotbar Radial",
		"191": "Encaixe do Cursor para Cima",
		"192": "Encaixe do Cursor para a Direita",
		"193": "Encaixe do Cursor para Baixo",
		"194": "Encaixe do Cursor para a Esquerda",
		"195": "<Disponível>",
		"196": "Encaixe do Cursor Direcional",
		"197": "Hotbar Direcional",
		"198": "Configurações Avançadas de Gamepad",
		"199": "Deadzone dos Gatilhos",
		"19": "Olhos",
		"1": "Executado em versão ",
		"200": "Deadzone dos Deslizadores",
		"201": "Deadzone do Controle Esquerdo X",
		"202": "Deadzone do Controle Esquerdo Y",
		"203": "Deadzone do Controle Direito X",
		"204": "Deadzone do Controle Direito Y",
		"205": "Inverter Controle Esquerdo na Horizontal",
		"206": "Inverter Controle Esquerdo na Vertical",
		"207": "Inverter Controle Direito na Horizontal",
		"208": "Inverter Controle Direito na Vertical",
		"209": "Utilizar",
		"20": "Pele",
		"210": "Interface",
		"211": "Senhas: Visível",
		"212": "Senhas: Oculto",
		"213": "Prioridade do Cursor Inteligente: Picareta -> Machado",
		"214": "Prioridade do Cursor Inteligente: Machado -> Picareta",
		"215": "Posicionamento de Blocos Inteligente: Para o Cursor",
		"216": "Posicionamento de Blocos Inteligente: Preenchimento",
		"217": "Cor da Borda",
		"218": "Cursor",
		"219": "Controle",
		"21": "Roupas",
		"220": "Ativar Bônus Definido: Para Cima",
		"221": "Ativar Bônus Definido: Para Baixo",
		"222": "Definição de Teclas",
		"223": "Descarte Rápido do Shift Esquerdo: Ativado",
		"224": "Descarte Rápido do Shift Esquerdo: Desativado",
		"225": "Substituição de Parede Rápida: Desativado",
		"226": "Substituição de Parede Rápida: Ativado",
		"227": "Tempo de Deslizamento da Hotbar para Radial: Ligado",
		"228": "Tempo de Deslizamento da Hotbar para Radial: Desligado",
		"229": "Grade Ligada",
		"22": "Masculino",
		"230": "Grade Desligada",
		"231": "Trava Ligada",
		"232": "Prioridade da Trava: Foco no Alvo",
		"233": "Prioridade da Trava: Alvo Mais Próximo",
		"234": "Prioridade da Trava: Linha Mais Livre",
		"235": "abc / ABC / !@#",
		"236": "Tecla Backspace",
		"237": "Enviar",
		"238": "Espaço",
		"239": "<-",
		"23": "Feminino",
		"240": "->",
		"241": "Instruções do Gamepad Desligadas",
		"242": "Instruções do Gamepad Ligadas",
		"243": "Controle do Menu",
		"244": "Acesso Rápido Radial",
		"245": "Janela sem Borda: Ativado",
		"246": "Janela sem Borda: Desativado",
		"247": "Frame Skip Desligado",
		"248": "Frame Skip Ligado",
		"249": "Frame Skip Sutil",
		"24": "Hardcore",
		"250": "Balanço do Minerador: Ativado",
		"251": "Balanço do Minerador: Desativado",
		"252": "Atraso de Movimentação da Interface",
		"25": "Mediumcore",
		"26": "Softcore",
		"27": "Aleatório",
		"28": "Criar",
		"29": "Personagens no modo Hardcore têm morte definitiva",
		"2": "Desconectar",
		"30": "Personagens no modo Mediumcore perdem os itens ao morrer",
		"31": "Personagens no modo Softcore perdem dinheiro ao morrer",
		"32": "Selecione a dificuldade",
		"33": "Camisa",
		"34": "Camiseta de baixo",
		"35": "Calças",
		"36": "Sapatos",
		"37": "Cabelos",
		"38": "Cor do Cabelo",
		"39": "Cor dos Olhos",
		"3": "O Servidor Exige Senha:",
		"40": "Cor da Pele",
		"41": "Cor da Camiseta",
		"42": "Cor da Camiseta de baixo",
		"43": "Cor das Calças",
		"44": "Cor do Sapato",
		"45": "Digite o Nome do Personagem:",
		"46": "Excluir",
		"47": "Criar Mundo",
		"48": "Digite o Nome do Mundo:",
		"49": "Ativar Janela",
		"4": "Aceitar",
		"50": "Ativar Tela Cheia",
		"51": "Resolução",
		"52": "Parallax",
		"53": "Frame Skip Desligado",
		"54": "Frame Skip Ligado",
		"55": "Iluminação: Cor",
		"56": "Iluminação: Branco",
		"57": "Iluminação: Retro",
		"58": "Iluminação: Zoeira",
		"59": "Qualidade: Automática",
		"5": "Voltar",
		"60": "Qualidade: Alta",
		"61": "Qualidade: Média",
		"62": "Qualidade: Baixa",
		"63": "Vídeo",
		"64": "Cor do Cursor",
		"65": "Volume",
		"66": "Controle",
		"67": "Gravação Automática Ligada",
		"68": "Gravação Automática Desligada",
		"69": "Pausa Automática Ligada",
		"6": "Cancelar",
		"70": "Pausa Automática Desligada",
		"71": "Descrição de Itens Ligada",
		"72": "Descrição de Itens Desligada",
		"73": "Resolução em Tela Cheia",
		"74": "Para Cima                ",
		"75": "Para Baixo             ",
		"76": "Esquerda               ",
		"77": "Direita             ",
		"78": "Pular             ",
		"79": "Arremessar            ",
		"7": "Digite a Senha do Servidor:",
		"80": "Inventário         ",
		"81": "Cura Rápida       ",
		"82": "Mana Rápida      ",
		"83": "Bônus Rápido       ",
		"84": "Prender           ",
		"85": "Selecionar Automaticamente       ",
		"86": "Redefinir Como o Padrão",
		"87": "Entrar",
		"88": "Criar e Jogar",
		"89": "Insira o Endereço de IP do Servidor:",
		"8": "Iniciando servidor...",
		"90": "Insira a Porta do Servidor:",
		"91": "Escolha o tamanho do mundo:",
		"92": "Pequeno",
		"93": "Médio",
		"94": "Grande",
		"95": "Vermelho:",
		"96": "Verde:",
		"97": "Azul:",
		"98": "Som:",
		"99": "Música:",
		"9": "Falha no carregamento!",
		"119": "Ambiente:"
	},
	"LegacyTooltip": {
		"0": "Equipado na entrada social",
		"10": "Velocidade baixa",
		"11": "Velocidade muito baixa",
		"12": "Velocidade extremamente baixa",
		"13": "Velocidade de lesma",
		"14": "Sem recuos",
		"15": "Recuo extremamente fraco",
		"16": "Recuo muito fraco",
		"17": "Recuo fraco",
		"18": "Recuo normal",
		"19": "Recuo forte",
		"1": "Nenhuma estatística será alterada",
		"20": "Recuo muito forte",
		"21": "Recuo extremamente forte",
		"22": "Recuo inacreditável",
		"23": "Equipável",
		"24": "Item decorativo",
		"25": " defesa",
		"26": "% de força da picareta",
		"27": "% de força do machado",
		"28": "% de força do martelo",
		"29": "Restaurações",
		"2": " danos por ataque físico",
		"30": "vida",
		"31": "mana",
		"32": "Utilizações",
		"33": "Pode ser posicionado",
		"34": "Munição",
		"35": "Consumível",
		"36": "Material",
		"37": " minuto(s) de duração",
		"38": " segundo(s) de duração",
		"39": "% de danos",
		"3": " danos por ataque à distância",
		"40": "% de velocidade",
		"41": "% de chance de ataque crítico",
		"42": "% de custo em mana",
		"43": "% de tamanho",
		"44": "% de velocidade",
		"45": "% de recuo",
		"46": "% de velocidade de movimentos",
		"47": "% de velocidade em ataques físicos",
		"48": "Bônus definido:",
		"49": "Preço de venda:",
		"4": " danos por magia",
		"50": "Preço de compra:",
		"51": "Sem valor",
		"52": "Consome ",
		"53": " dano por invocação",
		"54": " alcance",
		"55": " danos",
		"56": "Marcado como favorito",
		"57": "Descartar, empilhar e vender rapidamente serão bloqueados",
		"58": " de danos por arremesso",
		"59": "Isto foi amaldiçoado por uma poderosa criatura das Selvas.",
		"5": "% de chance de ataque crítico",
		"6": "Velocidade incrivelmente alta",
		"7": "Velocidade muito alta",
		"8": "Velocidade alta",
		"9": "Velocidade média"
	},
	"LegacyMultiplayer": {
		"10": "Agora você está em um grupo!",
		"11": "{0} ativou o JvJ!",
		"12": "{0} desativou o JvJ!",
		"13": "{0} não faz mais parte de um grupo.",
		"14": "{0} juntou-se ao grupo vermelho.",
		"15": "{0} juntou-se ao grupo verde.",
		"16": "{0} juntou-se ao grupo azul.",
		"17": "{0} juntou-se ao grupo amarelo.",
		"18": "Boas-vindas a",
		"19": "{0} entrou.",
		"1": "Senha incorreta.",
		"20": "{0} saiu.",
		"21": "/jogadores",
		"22": "{0} entrou no grupo cor-de-rosa.",
		"2": "Operações inválidas neste estado.",
		"3": "Você foi banido neste servidor.",
		"4": "Você não está usando a mesma versão que o servidor.",
		"5": "já está neste servidor.",
		"6": "/jogando",
		"7": "Jogadores no momento:",
		"8": "/rolar",
		"9": "rolou um",
		"0": "Recebe:"
	},
	"LegacyMisc": {
		"0": "Um exército de goblins foi derrotado!",
		"100": "Escolher mundo maléfico",
		"101": "Corrupção",
		"102": "Carmim",
		"103": "Aleatório",
		"10": "Você sente um calafrio terrível no corpo inteiro...",
		"11": "Gritos ecoam ao seu redor...",
		"12": "Seu mundo foi abençoado com o cobalto!",
		"13": "Seu mundo foi abençoado com o mithril!",
		"14": "Seu mundo foi abençoado com o adamantino!",
		"15": "Os espíritos antigos da luz e das trevas foram libertados.",
		"19": "{0} morreu...",
		"1": "Um exército de goblins está se aproximando do oeste!",
		"20": "Está acontecendo um eclipse solar!",
		"21": "Seu mundo foi abençoado com o paládio!",
		"22": "Seu mundo foi abençoado com o oricalco!",
		"23": "Seu mundo foi abençoado com o titânio!",
		"24": "Os piratas foram derrotados!",
		"25": "Os piratas estão aproximando-se pelo oeste!",
		"26": "Os piratas estão aproximando-se pelo leste!",
		"27": "Os piratas chegaram!",
		"28": "Você sente as vibrações das profundezas...",
		"29": "Esta noite vai ser terrível...",
		"2": "Um exército de goblins está se aproximando do leste!",
		"30": "O ar está ficando mais frio ao seu redor...",
		"31": "A lua de abóbora está subindo...",
		"32": "A selva está cada vez mais inquieta...",
		"33": "Gritos ecoam nas masmorras...",
		"34": "A Lua Congelada está subindo...",
		"35": "{0} partiu!",
		"36": "{0} foi embora!",
		"37": "Qualquer",
		"38": "Placa de Pressão",
		"39": " e maior regeneração da vida",
		"3": "Um exército de goblins chegou!",
		"40": "Aumenta a regeneração de vida",
		"41": "Uma invasão de Marte!",
		"42": "Os marcianos foram derrotados!",
		"43": "Uma invasão de criaturas celestiais!",
		"44": "Sua mente foi paralisada...",
		"45": "Você foi tomado pela dor...",
		"46": "Vozes de outro mundo acompanham você...",
		"47": "O Senhor da Lua despertou!",
		"48": "Os Gêmeos despertaram!",
		"49": "Você acordou de um sonho estranho...",
		"4": "A Legião de Gelo foi derrotada!",
		"50": "foram derrotados!",
		"51": "Fragmento da Lua",
		"52": "A desgraça certa aproxima-se...",
		"53": "Selecionar",
		"54": "Pegar",
		"55": "Pegar Um",
		"56": "Fechar",
		"57": "Prender",
		"58": "Pular",
		"59": "Alternar hotbar",
		"5": "A Legião de Gelo está se aproximando do oeste!",
		"60": "Atacar",
		"61": "Construir",
		"62": "Bebida",
		"63": "Ação",
		"64": "Alternar menu",
		"65": "Lugar",
		"66": "Alternar",
		"67": "Equipar",
		"68": "Remover",
		"69": "Exibir bandeiras da sala",
		"6": "A Legião de Gelo está se aproximando do leste!",
		"70": "Conferir alojamento",
		"71": "Criação de rápida",
		"72": "Criar",
		"73": "Selecionar",
		"74": "Lixo",
		"75": "Vender",
		"76": "Transferir",
		"77": "Exibir visual",
		"78": "Ocultar visual",
		"79": "Usar",
		"7": "A Legião de Gelo chegou!",
		"80": "Falar",
		"81": "Ler",
		"82": "Voltar",
		"83": "Favorito",
		"84": "Você não pode alterar equipes dentro dos blocos da sua equipe!",
		"85": "Inseto",
		"86": "Pato",
		"87": "Borboleta",
		"88": "Vagalume",
		"89": "Opções de Cabeamento",
		"8": "A Lua de Sangue está subindo...",
		"90": "Comprar",
		"91": "Comprar mais",
		"92": "Vender",
		"93": "Criar mais",
		"94": "Tentar Remover",
		"95": "Caracol",
		"96": "Parece que ",
		"97": " está dando uma festa",
		"98": " estão dando uma festa",
		"99": "A festa acabou!",
		"9": "Você sente o olhar de uma presença maligna...",
		"104": "Não pode ser usado sem Mana de Éter até que o Cristal de Eternia tenha sido defendido"
	},
	"LegacyInterface": {
		"0": "Vida:",
		"100": "Número de criaturas",
		"101": "Número de mortes",
		"102": "Fase da Lua",
		"103": "Velocidade de Movimentos",
		"104": "Tesouro",
		"105": "Criaturas Raras",
		"106": "Saúde por Segundo",
		"107": "Plantas Estranhas",
		"108": "Abrir Mapa",
		"109": "Fechar Mapa",
		"10": "Defesa",
		"110": "Abrir Pasta",
		"111": "Capturar Imagem",
		"112": "Primeiro você deve definir a moldura",
		"113": "Disponível apenas em modo janela",
		"114": "Disponível apenas se o mapa for ativado",
		"115": "Modo de Câmera Desativado",
		"116": "Destaque de Itens Novos Desligado",
		"117": "Destaque de Itens Novos Ligado",
		"118": "Aproximar",
		"119": "Afastar",
		"11": "Social",
		"120": "Teleportar até aliado",
		"121": "Largar Item",
		"122": "Organizar Itens",
		"123": "Clima Frio",
		"12": "Elmo",
		"13": "Camisa",
		"14": "Calças",
		"15": "platina",
		"16": "ouro",
		"17": "prata",
		"18": "cobre",
		"19": "Forjar novamente",
		"1": "Respiração",
		"20": "Coloque um item aqui para forjá-lo novamente",
		"21": "Exibindo receitas que usem",
		"22": "Objetos necessários:",
		"23": "Nenhum",
		"24": "Coloque um material aqui",
		"25": "Criação",
		"26": "Moedas",
		"27": "Munição",
		"28": "Loja",
		"29": "Pegar Tudo",
		"2": "Mana",
		"30": "Depositar Tudo",
		"31": "Pilha Rápida",
		"32": "Porquinho",
		"33": "Cofre",
		"34": "Tempo",
		"35": "Salvar e Sair",
		"36": "Desconectar",
		"37": "Itens",
		"38": "Você morreu...",
		"39": "Este alojamento é adequado.",
		"3": "Lata de Lixo",
		"40": "Este não é um alojamento adequado.",
		"41": "Este alojamento já foi ocupado.",
		"42": "Este alojamento está corrompido.",
		"43": "A conexão expirou",
		"44": "Recebendo dados sobre a peça",
		"45": "Equipar",
		"46": "Custo",
		"47": "Salvar",
		"48": "Editar",
		"49": "Status",
		"4": "Inventário",
		"50": "Amaldiçoar",
		"51": "Ajuda",
		"52": "Fechar",
		"53": "Água",
		"54": "Curar",
		"55": "Este alojamento não cumpre os requerimentos para um(a)",
		"56": "Lava",
		"57": "Tingir",
		"58": "Mel",
		"59": "Visível",
		"5": "Hotbar desbloqueada",
		"60": "Oculto",
		"61": "Renomear",
		"62": "Configurações",
		"63": "Cancelar",
		"64": "Missão",
		"65": "Item da Missão",
		"66": "Economias",
		"67": "Capturar Imagem",
		"68": "Configurações",
		"69": "Fixar Moldura",
		"6": "Hotbar bloqueada",
		"70": "Definir Moldura",
		"71": "Fechar",
		"72": "Ligado",
		"73": "Desligado",
		"74": "Empacotamento de Imagem",
		"75": "Capturar Entidades",
		"76": "Capturar Cenário",
		"77": "Seleção de Bioma",
		"78": "Redefinir Moldura",
		"79": "Equipamento",
		"7": "Alojamento",
		"80": "Alojamento",
		"81": "Modo da Câmera",
		"82": "Reabastecer",
		"83": "Lua Congelada",
		"84": "Lua de Abóbora",
		"85": "Loucura de Marte",
		"86": "Invasão Pirata",
		"87": "Legião Congelada",
		"88": "Exército Goblin",
		"89": "Recolher",
		"8": "Pesquisa de Casas",
		"90": "Gancho com Corrente",
		"91": "Montaria",
		"92": "Animal de Estimação",
		"93": "Vagoneta",
		"94": "Animal Leve",
		"95": "Tempo",
		"96": "Clima",
		"97": "Pescaria",
		"98": "Posição",
		"99": "Profundidade",
		"9": "Acessório"
	},
	"LegacyChestType": {
		"0": "Baú",
		"10": "Baú de Hera",
		"11": "Baú de Gelo",
		"12": "Baú de Madeira Viva",
		"13": "Baú Celeste",
		"14": "Baú de Madeira Escura",
		"15": "Baú Coberto de Teias",
		"16": "Baú Lagharto",
		"17": "Baú d'água",
		"18": "Baú da Selva",
		"19": "Baú Corrompido",
		"1": "Baú de Ouro",
		"20": "Baú de Carmim",
		"21": "Baú Consagrado",
		"22": "Baú Congelado",
		"23": "Baú da Selva Bloqueado",
		"24": "Baú Corrompido Bloqueado",
		"25": "Baú de Carmim Bloqueado",
		"26": "Baú Consagrado Bloqueado",
		"27": "Baú Congelado Bloqueado",
		"28": "Baú da Dinastia",
		"29": "Baú de Mel",
		"2": "Baú de Ouro Bloqueado",
		"30": "Baú Steampunk",
		"31": "Baú de Madeira de Palmeira",
		"32": "Baú de Cogumelo",
		"33": "Baú de Madeira Boreal",
		"34": "Baú de Geleia",
		"35": "Baú de Calabouço Verde",
		"36": "Baú de Calabouço Verde Bloqueado",
		"37": "Baú de Calabouço Cor-de-rosa",
		"38": "Baú de Calabouço Cor-de-rosa Bloqueado",
		"39": "Baú de Calabouço Azul",
		"3": "Baú das Sombras",
		"40": "Baú de Calabouço Azul Bloqueado",
		"41": "Baú de Osso",
		"42": "Baú de Cacto",
		"43": "Baú de Carne",
		"44": "Baú de Obsidiana",
		"45": "Baú de Abóbora",
		"46": "Baú Assustador",
		"47": "Baú de Vidro",
		"48": "Baú de Marte",
		"49": "Baú de Meteorito",
		"4": "Baú das Sombras Bloqueado",
		"50": "Baú de Granito",
		"51": "Baú de Mármore",
		"5": "Barril",
		"6": "Lata de Lixo",
		"7": "Baú de Madeira de Ébano",
		"8": "Baú de Mogno",
		"9": "Baú de Madeira Pérola"
	},
	"LegacyDresserType": {
		"0": "Cômoda",
		"10": "Cômoda de Osso",
		"11": "Cômoda de Cacto",
		"12": "Cômoda Assustadora",
		"13": "Cômoda Celeste",
		"14": "Cômoda de Mel",
		"15": "Cômoda de Lagharto",
		"16": "Cômoda de Madeira de Palmeira",
		"17": "Cômoda de Cogumelo",
		"18": "Cômoda de Madeira Boreal",
		"19": "Cômoda de Geleia",
		"1": "Cômoda de Madeira de Ébano",
		"20": "Cômoda de Abóbora",
		"21": "Cômoda Steampunk",
		"22": "Cômoda de Vidro",
		"23": "Cômoda de Carne",
		"24": "Cômoda de Marte",
		"25": "Cômoda de Meteorito",
		"26": "Cômoda de Granito",
		"27": "Cômoda de Mármore",
		"2": "Cômoda de Mogno",
		"3": "Cômoda de Madeira Pérola",
		"4": "Cômoda de Madeira Escura",
		"5": "Cômoda de Calabouço Azul",
		"6": "Cômoda de Calabouço Verde",
		"7": "Cômoda de Calabouço Cor-de-rosa",
		"8": "Cômoda Dourada",
		"9": "Cômoda de Obsidiana",
		"28": "{$ItemName.CrystalDresser}",
		"29": "{$ItemName.DynastyDresser}",
		"30": "{$ItemName.FrozenDresser}",
		"31": "{$ItemName.LivingWoodDresser}"
	},
	"LegacyChestType2": {
		"0": "Baú de Cristal",
		"1": "Baú de Ouro"
	}
}