{
	"NPCName": {
		"BlueSlime": "Синий слизень",
		"GiantWormHead": "Гигантский червь",
		"SeekerTail": "Кормилец мира",
		"Clinger": "Хвататель",
		"AnglerFish": "Рыба-удильщик",
		"GreenJellyfish": "Зеленая медуза",
		"Werewolf": "Оборотень",
		"BoundGoblin": "Пленный гоблин",
		"BoundWizard": "Пленный волшебник",
		"GoblinTinkerer": "Гоблин-изобретатель",
		"Wizard": "Волшебник",
		"Clown": "Клоун",
		"GiantWormBody": "Гигантский червь",
		"SkeletonArcher": "Скелет-лучник",
		"GoblinArcher": "Гоблин-лучник",
		"VileSpit": "Злой плевок",
		"WallofFlesh": "Стена плоти",
		"WallofFleshEye": "Стена плоти",
		"TheHungry": "Голодный",
		"TheHungryII": "Голодный",
		"LeechHead": "Пиявка",
		"LeechBody": "Пиявка",
		"LeechTail": "Пиявка",
		"GiantWormTail": "Гигантский червь",
		"ChaosElemental": "Элементаль хаоса",
		"Slimer": "Слизнер",
		"Gastropod": "Брюхоногий",
		"BoundMechanic": "Пленный механик",
		"Mechanic": "Механик",
		"Retinazer": "Ретиназер",
		"Spazmatism": "Спазматизм",
		"SkeletronPrime": "Скелетрон Прайм",
		"PrimeCannon": "Пушка Прайма",
		"PrimeSaw": "Пила Прайма",
		"EaterofWorldsHead": "Пожиратель миров",
		"PrimeVice": "Тиски Прайма",
		"PrimeLaser": "Лазер Прайма",
		"BaldZombie": "Зомби",
		"WanderingEye": "Блуждающий глаз",
		"TheDestroyer": "Уничтожитель",
		"TheDestroyerBody": "Уничтожитель",
		"TheDestroyerTail": "Уничтожитель",
		"IlluminantBat": "Светящаяся летучая мышь",
		"IlluminantSlime": "Светящийся слизень",
		"Probe": "Зонд",
		"EaterofWorldsBody": "Пожиратель миров",
		"PossessedArmor": "Одержимые доспехи",
		"ToxicSludge": "Токсичный слизень",
		"SantaClaus": "Санта-Клаус",
		"SnowmanGangsta": "Снеговик-гангстер",
		"MisterStabby": "Мистер Стэбби",
		"SnowBalla": "Снежный Балла",
		"IceSlime": "Ледяной слизень",
		"Penguin": "Пингвин",
		"PenguinBlack": "Пингвин",
		"EaterofWorldsTail": "Пожиратель миров",
		"IceBat": "Ледяная летучая мышь",
		"Lavabat": "Лавовая летучая мышь",
		"GiantFlyingFox": "Гигантская летучая лисица",
		"GiantTortoise": "Гигантская черепаха",
		"IceTortoise": "Ледяная черепаха",
		"Wolf": "Волк",
		"RedDevil": "Красный дьявол",
		"Arapaima": "Арапаима",
		"VampireBat": "Вампир",
		"Vampire": "Вампир",
		"MotherSlime": "Мать слизней",
		"Truffle": "Трюфель",
		"ZombieEskimo": "Зомби-эскимос",
		"Frankenstein": "Франкенштейн",
		"BlackRecluse": "Черный отшельник",
		"WallCreeper": "Стенной ползун",
		"WallCreeperWall": "Стенной ползун",
		"SwampThing": "Болотная тварь",
		"UndeadViking": "Скелет-викинг",
		"CorruptPenguin": "Порченый пингвин",
		"IceElemental": "Ледяной элементаль",
		"Merchant": "Торговец",
		"PigronCorruption": "Свинодракон",
		"PigronHallow": "Свинодракон",
		"RuneWizard": "Рунический маг",
		"Crimera": "Кримера",
		"Herpling": "Дурализень",
		"AngryTrapper": "Злобный хвататель",
		"MossHornet": "Моховой шершень",
		"Derpling": "Рак-отшельник",
		"Steampunker": "Стимпанкер",
		"CrimsonAxe": "Багровый топор",
		"Nurse": "Медсестра",
		"PigronCrimson": "Свинодракон",
		"FaceMonster": "Лицевой монстр",
		"FloatyGross": "Летающая масса",
		"Crimslime": "Багровый слизень",
		"SpikedIceSlime": "Ледяной слизень",
		"SnowFlinx": "Снежный флинкс",
		"PincushionZombie": "Зомби",
		"SlimedZombie": "Зомби",
		"SwampZombie": "Зомби",
		"TwiggyZombie": "Зомби",
		"ArmsDealer": "Оружейник",
		"CataractEye": "Демонический глаз",
		"SleepyEye": "Демонический глаз",
		"DialatedEye": "Демонический глаз",
		"GreenEye": "Демонический глаз",
		"PurpleEye": "Демонический глаз",
		"LostGirl": "Потерявшаяся девочка",
		"Nymph": "Нимфа",
		"ArmoredViking": "Бронированный викинг",
		"Lihzahrd": "Ящщер",
		"LihzahrdCrawler": "Ящщер",
		"DemonEye": "Демонический глаз",
		"Dryad": "Дриада",
		"FemaleZombie": "Зомби",
		"HeadacheSkeleton": "Скелет",
		"MisassembledSkeleton": "Скелет",
		"PantlessSkeleton": "Скелет",
		"SpikedJungleSlime": "Шипастый слизень джунглей",
		"Moth": "Мотылек",
		"IcyMerman": "Ледяной тритон",
		"DyeTrader": "Продавец красителей",
		"PartyGirl": "Тусовщица",
		"Cyborg": "Киборг",
		"Skeleton": "Скелет",
		"Bee": "Пчела",
		"BeeSmall": "Пчела",
		"PirateDeckhand": "Матрос",
		"PirateCorsair": "Корсар",
		"PirateDeadeye": "Одноглазый пират",
		"PirateCrossbower": "Пират-арбалетчик",
		"PirateCaptain": "Капитан пиратов",
		"CochinealBeetle": "Кошенильный жук",
		"CyanBeetle": "Синий жук",
		"LacBeetle": "Лаковый жук",
		"Guide": "Гид",
		"SeaSnail": "Морская улитка",
		"Squid": "Кальмар",
		"QueenBee": "Королева пчел",
		"ZombieRaincoat": "Зомби в дождевике",
		"FlyingFish": "Летучая рыба",
		"UmbrellaSlime": "Слизень с зонтом",
		"FlyingSnake": "Летающая змея",
		"Painter": "Маляр",
		"WitchDoctor": "Знахарь",
		"Pirate": "Пират",
		"MeteorHead": "Осколок метеора",
		"GoldfishWalker": "Золотая рыбка",
		"HornetFatty": "Шершень",
		"HornetHoney": "Шершень",
		"HornetLeafy": "Шершень",
		"HornetSpikey": "Шершень",
		"HornetStingy": "Шершень",
		"JungleCreeper": "Ползун джунглей",
		"JungleCreeperWall": "Ползун джунглей",
		"BlackRecluseWall": "Черный отшельник",
		"BloodCrawler": "Кровавый ползун",
		"FireImp": "Огненный бес",
		"BloodCrawlerWall": "Кровавый ползун",
		"BloodFeeder": "Кровосос",
		"BloodJelly": "Кровавая медуза",
		"IceGolem": "Ледяной голем",
		"RainbowSlime": "Радужный слизняк",
		"Golem": "Голем",
		"GolemHead": "Голова Голема",
		"GolemFistLeft": "Кулак Голема",
		"GolemFistRight": "Кулак Голема",
		"GolemHeadFree": "Голова Голема",
		"BurningSphere": "Огненная сфера",
		"AngryNimbus": "Злая туча",
		"Eyezor": "Глазор",
		"Parrot": "Попугай",
		"Reaper": "Жнец",
		"ZombieMushroom": "Грибной зомби",
		"ZombieMushroomHat": "Грибной зомби",
		"FungoFish": "Грибная медуза",
		"AnomuraFungus": "Крабовый гриб",
		"MushiLadybug": "Грибная коровка",
		"FungiBulb": "Гриб-лампа",
		"GoblinPeon": "Гоблин-пехотинец",
		"GiantFungiBulb": "Гигантский гриб-лампа",
		"FungiSpore": "Грибная спора",
		"Plantera": "Плантера",
		"PlanterasHook": "Крюк Плантеры",
		"PlanterasTentacle": "Щупальце Плантеры",
		"Spore": "Спора",
		"BrainofCthulhu": "Мозг Ктулху",
		"Creeper": "Ползун",
		"IchorSticker": "Ихорный плеватель",
		"RustyArmoredBonesAxe": "Ржавый бронированный скелет",
		"GoblinThief": "Гоблин-воришка",
		"RustyArmoredBonesFlail": "Ржавый бронированный скелет",
		"RustyArmoredBonesSword": "Ржавый бронированный скелет",
		"RustyArmoredBonesSwordNoArmor": "Ржавый бронированный скелет",
		"BlueArmoredBones": "Синий бронированный скелет",
		"BlueArmoredBonesMace": "Синий бронированный скелет",
		"BlueArmoredBonesNoPants": "Синий бронированный скелет",
		"BlueArmoredBonesSword": "Синий бронированный скелет",
		"HellArmoredBones": "Адский бронированный скелет",
		"HellArmoredBonesSpikeShield": "Адский бронированный скелет",
		"HellArmoredBonesMace": "Адский бронированный скелет",
		"GoblinWarrior": "Гоблин-воин",
		"HellArmoredBonesSword": "Адский бронированный скелет",
		"RaggedCaster": "Оборванный колдун",
		"RaggedCasterOpenCoat": "Оборванный колдун",
		"Necromancer": "Некромант",
		"NecromancerArmored": "Некромант",
		"DiabolistRed": "Сатанист",
		"DiabolistWhite": "Сатанист",
		"BoneLee": "Костюс Ли",
		"DungeonSpirit": "Дух темницы",
		"GiantCursedSkull": "Гигантский проклятый череп",
		"GoblinSorcerer": "Гоблин-волшебник",
		"Paladin": "Паладин",
		"SkeletonSniper": "Скелет-снайпер",
		"TacticalSkeleton": "Скелет-штурмовик",
		"SkeletonCommando": "Скелет-коммандос",
		"AngryBonesBig": "Злой скелет",
		"AngryBonesBigMuscle": "Злой скелет",
		"AngryBonesBigHelmet": "Злой скелет",
		"BirdBlue": "Голубая сойка",
		"BirdRed": "Кардинал",
		"Squirrel": "Белка",
		"Zombie": "Зомби",
		"ChaosBall": "Шар хаоса",
		"Mouse": "Мышь",
		"Raven": "Ворон",
		"SlimeMasked": "Слизень",
		"BunnySlimed": "Кролик",
		"HoppinJack": "Скачущая тыква",
		"Scarecrow1": "Пугало",
		"Scarecrow2": "Пугало",
		"Scarecrow3": "Пугало",
		"Scarecrow4": "Пугало",
		"Scarecrow5": "Пугало",
		"AngryBones": "Злой скелет",
		"Scarecrow6": "Пугало",
		"Scarecrow7": "Пугало",
		"Scarecrow8": "Пугало",
		"Scarecrow9": "Пугало",
		"Scarecrow10": "Пугало",
		"HeadlessHorseman": "Всадник без головы",
		"Ghost": "Призрак",
		"DemonEyeOwl": "Демонический глаз",
		"DemonEyeSpaceship": "Демонический глаз",
		"ZombieDoctor": "Зомби",
		"DarkCaster": "Темный маг",
		"ZombieSuperman": "Зомби",
		"ZombiePixie": "Зомби",
		"SkeletonTopHat": "Скелет",
		"SkeletonAstonaut": "Скелет",
		"SkeletonAlien": "Скелет",
		"MourningWood": "Плакучий Древень",
		"Splinterling": "Занозец",
		"Pumpking": "Тыквенный Король",
		"PumpkingBlade": "Тыквенный Король",
		"Hellhound": "Адская гончая",
		"WaterSphere": "Водяная сфера",
		"Poltergeist": "Полтергейст",
		"ZombieXmas": "Зомби",
		"ZombieSweater": "Зомби",
		"SlimeRibbonWhite": "Слизень",
		"SlimeRibbonYellow": "Слизень",
		"SlimeRibbonGreen": "Слизень",
		"SlimeRibbonRed": "Слизень",
		"BunnyXmas": "Кролик",
		"ZombieElf": "Эльф-зомби",
		"ZombieElfBeard": "Эльф-зомби",
		"CursedSkull": "Проклятый череп",
		"ZombieElfGirl": "Эльф-зомби",
		"PresentMimic": "Подарочный мимик",
		"GingerbreadMan": "Пряничный человек",
		"Yeti": "Йети",
		"Everscream": "Злая ель",
		"IceQueen": "Ледяная королева",
		"SantaNK1": "Сантанк",
		"ElfCopter": "Эльфокоптер",
		"Nutcracker": "Щелкунчик",
		"NutcrackerSpinning": "Щелкунчик",
		"SkeletronHead": "Скелетрон",
		"ElfArcher": "Эльф-лучник",
		"Krampus": "Крампус",
		"Flocko": "Флоко",
		"Stylist": "Стилист",
		"WebbedStylist": "Стилист в паутине",
		"Firefly": "Светлячок",
		"Butterfly": "Бабочка",
		"Worm": "Червь",
		"LightningBug": "Светляк",
		"Snail": "Улитка",
		"SkeletronHand": "Скелетрон",
		"GlowingSnail": "Светящаяся улитка",
		"Frog": "Лягушка",
		"Duck": "Утка",
		"Duck2": "Утка",
		"DuckWhite": "Утка",
		"DuckWhite2": "Утка",
		"ScorpionBlack": "Скорпион",
		"Scorpion": "Скорпион",
		"TravellingMerchant": "Странствующий торговец",
		"Angler": "Рыбак",
		"OldMan": "Старик",
		"DukeFishron": "Герцог Рыброн",
		"DetonatingBubble": "Взрывчатый пузырь",
		"Sharkron": "Акулон",
		"Sharkron2": "Акулон",
		"TruffleWorm": "Трюфельный червь",
		"TruffleWormDigger": "Трюфельный червь",
		"SleepingAngler": "Спящий рыбак",
		"Grasshopper": "Кузнечик",
		"ChatteringTeethBomb": "Болтающая зубастая бомба",
		"CultistArcherBlue": "Синий лучник-культист",
		"Demolitionist": "Подрывник",
		"CultistArcherWhite": "Белый лучник-культист",
		"BrainScrambler": "Мозгокрут",
		"RayGunner": "Лучевой стрелок",
		"MartianOfficer": "Марсианский офицер",
		"ForceBubble": "Щит-пузырь",
		"GrayGrunt": "Серый пехотинец",
		"MartianEngineer": "Марсианский инженер",
		"MartianTurret": "Турель Тесла",
		"MartianDrone": "Марсианский дрон",
		"GigaZapper": "Гигазаппер",
		"BoneSerpentHead": "Костяной змей",
		"ScutlixRider": "Скутликс-стрелок",
		"Scutlix": "Скутликс",
		"EyeofCthulhu": "Глаз Ктулху",
		"BoneSerpentBody": "Костяной змей",
		"BoneSerpentTail": "Костяной змей",
		"SolarCrawltipedeHead": "Ползоножка",
		"SolarCrawltipedeBody": "Ползоножка",
		"SolarCrawltipedeTail": "Ползоножка",
		"SolarDrakomire": "Дракомайр",
		"SolarDrakomireRider": "Наездник дракомайра",
		"SolarSroller": "Сроллер",
		"SolarCorite": "Корит",
		"SolarSolenian": "Селенеанин",
		"Hornet": "Шершень",
		"ManEater": "Людоед",
		"ArmedZombie": "Зомби",
		"ArmedZombieEskimo": "Зомби-эскимос",
		"ArmedZombiePincussion": "Зомби",
		"ArmedZombieSlimed": "Зомби",
		"ArmedZombieSwamp": "Зомби",
		"ArmedZombieTwiggy": "Зомби",
		"ArmedZombieCenx": "Зомби",
		"UndeadMiner": "Мертвый шахтер",
		"GoldBird": "Золотая птица",
		"GoldBunny": "Золотой кролик",
		"GoldButterfly": "Золотая бабочка",
		"GoldFrog": "Золотая лягушка",
		"GoldGrasshopper": "Золотой кузнечик",
		"GoldMouse": "Золотая мышь",
		"GoldWorm": "Золотой червь",
		"BoneThrowingSkeleton": "Скелет",
		"Tim": "Тим",
		"BoneThrowingSkeleton2": "Скелет",
		"BoneThrowingSkeleton3": "Скелет",
		"BoneThrowingSkeleton4": "Скелет",
		"Bunny": "Кролик",
		"CorruptBunny": "Порченый кролик",
		"Harpy": "Гарпия",
		"CaveBat": "Пещерная летучая мышь",
		"ServantofCthulhu": "Прислужник Ктулху",
		"KingSlime": "Король слизней",
		"JungleBat": "Тропическая летучая мышь",
		"DoctorBones": "Доктор Бонс",
		"TheGroom": "Жених",
		"Clothier": "Портной",
		"Goldfish": "Золотая рыбка",
		"Snatcher": "Хвататель",
		"CorruptGoldfish": "Порченая золотая рыбка",
		"Piranha": "Пиранья",
		"LavaSlime": "Лавовый слизень",
		"EaterofSouls": "Пожиратель душ",
		"Hellbat": "Адская летучая мышь",
		"Vulture": "Стервятник",
		"Demon": "Демон",
		"BlueJellyfish": "Синяя медуза",
		"PinkJellyfish": "Розовая медуза",
		"Shark": "Акула",
		"VoodooDemon": "Демон вуду",
		"Crab": "Краб",
		"DungeonGuardian": "Страж темницы",
		"Antlion": "Муравьиный лев",
		"DevourerHead": "Пожиратель",
		"SpikeBall": "Булава на цепи",
		"DungeonSlime": "Слизень из темницы",
		"BlazingWheel": "Огненное колесо",
		"GoblinScout": "Гоблин-разведчик",
		"Bird": "Птица",
		"Pixie": "Фея",
		"ArmoredSkeleton": "Бронированный скелет",
		"Mummy": "Мумия",
		"DarkMummy": "Темная мумия",
		"DevourerBody": "Пожиратель",
		"LightMummy": "Светлая мумия",
		"CorruptSlime": "Порченый слизень",
		"Wraith": "Призрак",
		"CursedHammer": "Проклятый молот",
		"EnchantedSword": "Зачарованный меч",
		"Mimic": "Мимик",
		"Unicorn": "Единорог",
		"WyvernHead": "Виверна",
		"WyvernLegs": "Виверна",
		"WyvernBody": "Виверна",
		"DevourerTail": "Пожиратель",
		"WyvernBody2": "Виверна",
		"WyvernBody3": "Виверна",
		"WyvernTail": "Виверна",
		"GiantBat": "Гигантская летучая мышь",
		"Corruptor": "Разлагатель",
		"DiggerHead": "Землекоп",
		"DiggerBody": "Землекоп",
		"DiggerTail": "Землекоп",
		"SeekerHead": "Кормилец мира",
		"SeekerBody": "Кормилец мира",
		"AncientCultistSquidhead": "Древнее видение",
		"AncientDoom": "Древний рок",
		"AncientLight": "Древний свет",
		"BigMimicCorruption": "Порченый мимик",
		"BigMimicCrimson": "Багряный мимик",
		"BigMimicHallow": "Освященный мимик",
		"BigMimicJungle": "Мимик джунглей",
		"BloodZombie": "Кровавый зомби",
		"Buggy": "Букашечка",
		"Butcher": "Мясник",
		"Crawdad": "Пресноводный рак",
		"Crawdad2": "Пресноводный рак",
		"CreatureFromTheDeep": "Существо из глубин",
		"CrimsonBunny": "Кримтановый кролик",
		"CrimsonGoldfish": "Кримтановая золотая рыбка",
		"CrimsonPenguin": "Порочный пингвин",
		"CultistBoss": "Культист-лунатик",
		"CultistBossClone": "Культист-лунатик",
		"CultistDevote": "Священник-лунатик",
		"CultistDragonBody1": "Иллюзорный дракон",
		"CultistDragonBody2": "Иллюзорный дракон",
		"CultistDragonBody3": "Иллюзорный дракон",
		"CultistDragonBody4": "Иллюзорный дракон",
		"CultistDragonHead": "Иллюзорный дракон",
		"CultistDragonTail": "Иллюзорный дракон",
		"CultistTablet": "Загадочная печать",
		"DD2AttackerTest": "???",
		"DD2GoblinT3": "{$NPCName.DD2GoblinT1}",
		"DD2GoblinBomberT3": "{$NPCName.DD2GoblinBomberT1}",
		"DD2JavelinstT2": "{$NPCName.DD2JavelinstT1}",
		"DD2JavelinstT3": "{$NPCName.DD2JavelinstT1}",
		"DD2LanePortal": "Загадочный портал",
		"DD2GoblinT2": "{$NPCName.DD2GoblinT1}",
		"DeadlySphere": "Смертельная сфера",
		"DemonTaxCollector": "Измученная душа",
		"DesertBeast": "Василиск",
		"DesertDjinn": "Дух пустыни",
		"DesertGhoul": "Вурдалак",
		"DesertGhoulCorruption": "Ужасный вурдалак",
		"DesertGhoulCrimson": "Гниющий вурдалак",
		"DesertGhoulHallow": "Вурдалак-мечтатель",
		"DesertLamiaDark": "Ламия",
		"DesertLamiaLight": "Ламия",
		"DesertScorpionWalk": "Песчаный браконьер",
		"DesertScorpionWall": "Песчаный браконьер",
		"Drippler": "Стекатель",
		"DrManFly": "Человек-муха",
		"DuneSplicerBody": "Рассеиватель дюн",
		"DuneSplicerHead": "Рассеиватель дюн",
		"DuneSplicerTail": "Рассеиватель дюн",
		"EnchantedNightcrawler": "Зачарованный ночной ползун",
		"FlyingAntlion": "Взрослый муравьиный лев",
		"Fritz": "Фриц",
		"GiantShelly": "Гигантский ракушечник",
		"GiantShelly2": "Гигантский ракушечник",
		"GoblinSummoner": "Призыватель гоблинов",
		"GraniteFlyer": "Гранитный элементаль",
		"GraniteGolem": "Гранитный голем",
		"GreekSkeleton": "Гоплит",
		"Grubby": "Личиночка",
		"LunarTowerNebula": "Башня туманности",
		"LunarTowerSolar": "Башня солнца",
		"LunarTowerStardust": "Башня звездной пыли",
		"LunarTowerVortex": "Башня вихря",
		"MartianProbe": "Марсианский зонд",
		"MartianSaucer": "Летающая тарелка марсиан",
		"MartianSaucerCannon": "Пушка летающей тарелки марсиан",
		"MartianSaucerCore": "Летающая тарелка марсиан",
		"MartianSaucerTurret": "Турель летающей тарелки марсиан",
		"MartianWalker": "Марсианский шагоход",
		"Medusa": "Горгона Медуза",
		"MoonLordCore": "Тело лунного лорда",
		"MoonLordHand": "Рука лунного лорда",
		"MoonLordHead": "Лунный лорд",
		"Mothron": "Мотрон",
		"MothronEgg": "Яйцо Мотрона",
		"MothronSpawn": "Детеныш Мотрона",
		"Nailhead": "Гвоздеголов",
		"NebulaBeast": "Чудовище эволюции",
		"NebulaBrain": "Летун туманности",
		"NebulaHeadcrab": "Мозгосос",
		"NebulaSoldier": "Предсказатель",
		"PartyBunny": "Кролик",
		"Psycho": "Псих",
		"Salamander": "Саламандра",
		"Salamander2": "Саламандра",
		"Salamander3": "Саламандра",
		"Salamander4": "Саламандра",
		"Salamander5": "Саламандра",
		"Salamander6": "Саламандра",
		"Salamander7": "Саламандра",
		"Salamander8": "Саламандра",
		"Salamander9": "Саламандра",
		"SandElemental": "Песчаный элементаль",
		"SandShark": "Песчаная акула",
		"SandsharkCorrupt": "Костяной кусатель",
		"SandsharkCrimson": "Похититель плоти",
		"SandsharkHallow": "Кристальная акула",
		"SandSlime": "Песчаный слизень",
		"ShadowFlameApparition": "Призрак теневого пламени",
		"SlimeSpiked": "Шипастый слизень",
		"Sluggy": "Слизнячок",
		"SolarFlare": "Солнечная вспышка",
		"SolarGoop": "Солнечный фрагмент",
		"SolarSpearman": "Драканианин",
		"SquirrelGold": "Золотая белка",
		"SquirrelRed": "Красная белка",
		"StardustCellBig": "Звездная клетка",
		"StardustCellSmall": "Звездная клетка",
		"StardustJellyfishBig": "Захватчик потока",
		"StardustSoldier": "Звездочет",
		"StardustSpiderBig": "Мерцающий ловец",
		"StardustSpiderSmall": "Искорка",
		"StardustWormHead": "Млечный ткач",
		"TargetDummy": "Манекен-мишень",
		"TaxCollector": "Сборщик налогов",
		"TheBride": "Невеста",
		"ThePossessed": "Одержимая",
		"TombCrawlerBody": "Ползун гробниц",
		"TombCrawlerHead": "Ползун гробниц",
		"TombCrawlerTail": "Ползун гробниц",
		"Tumbleweed": "Злобное перекати-поле",
		"VortexHornet": "Шершень чужих",
		"VortexHornetQueen": "Матка чужих",
		"VortexLarva": "Личинка чужого",
		"VortexRifleman": "Штормопроходец",
		"VortexSoldier": "Вихревик",
		"WalkingAntlion": "Муравьиный лев-воин",
		"DD2GoblinBomberT2": "{$NPCName.DD2GoblinBomberT1}",
		"DD2WyvernT3": "{$NPCName.DD2WyvernT1}",
		"DD2WyvernT2": "{$NPCName.DD2WyvernT1}",
		"DD2OgreT3": "{$NPCName.DD2OgreT2}",
		"DD2WitherBeastT3": "{$NPCName.DD2WitherBeastT2}",
		"DD2SkeletonT3": "{$NPCName.DD2SkeletonT1}",
		"DD2KoboldWalkerT3": "{$NPCName.DD2KoboldWalkerT2}",
		"DD2DrakinT3": "{$NPCName.DD2DrakinT2}",
		"DD2DarkMageT3": "{$NPCName.DD2DarkMageT1}",
		"DD2KoboldFlyerT3": "{$NPCName.DD2KoboldFlyerT2}",
		"BabySlime": "Слизнячок",
		"BigRainZombie": "Зомби",
		"BlackSlime": "Черный слизень",
		"DD2Bartender": "Трактирщик",
		"DD2Betsy": "Бетси",
		"DD2DarkMageT1": "Темный маг",
		"DD2DrakinT2": "Дракин",
		"DD2EterniaCrystal": "Этерианский кристалл",
		"DD2GoblinBomberT1": "Этерианский гоблин-бомбардир",
		"DD2GoblinT1": "Этерианский гоблин",
		"DD2JavelinstT1": "Этерианский копьеметатель",
		"DD2KoboldFlyerT2": "Кобольд на глайдере",
		"DD2KoboldWalkerT2": "Кобольд",
		"DD2LightningBugT3": "Этерианский светляк",
		"DD2OgreT2": "Людоед",
		"DD2SkeletonT1": "Скелет Старца",
		"DD2WitherBeastT2": "Усохшее чудовище",
		"DD2WyvernT1": "Этерианская виверна",
		"GreenSlime": "Зеленый слизень",
		"JungleSlime": "Слизень джунглей",
		"Pinky": "Пинки",
		"PurpleSlime": "Фиолетовый слизень",
		"RedSlime": "Красный слизень",
		"Slimeling": "Слизлинг",
		"Slimer2": "Слизнер",
		"SmallRainZombie": "Зомби",
		"YellowSlime": "Желтый слизень",
		"MoonLordFreeEye": "Настоящий глаз Ктулху",
		"MoonLordLeechBlob": "Сгусток лунного Лича",
		"SkeletonMerchant": "Торговец-скелет",
		"PirateShip": "Летучий голландец",
		"PirateShipCannon": "Пушка летучего голландца",
		"BartenderUnconscious": "Человек без сознания"
	}
}